v1,v2,category
spam,"[Webë°__]ifg@[__ ì±___³´ __]____. __¤ë_¨í_ ì±___³´ë¥ ë³´ë__¦¬ ì§__¬ê __ ê²½ì___ ¸ì_¨ë_°ë_,__, ê¹,(***-****-****)¼ë_ ë¬¸ì___ ì£¼ì_ê¸ ë°____.ifg@__©ì_ë³ ¡ì___ëª : __¤ë_¨í_ ¡ì_©ì_ëª : ¬ë¬´ì§ êµ¬ì_ ¡ëª¨ì§__ì¢ : ê²½ë¦¬¬ë¬´(_¡°) ¡í___ : __ë¬´êifg@¡ê²½¥ì¡°ê± : ê´ê³__(__ê°) ¡ê·¼ë¬´ì__ : ¸ì_ê´__ ¨ë_êµ ¨ì_ ¡ê_©í_ : ê¸°ê_ __ __ ê·¼ë_ê³__ifg@¡ì_ê¸ : __ *,*** ´ì_(____ê°) ¡ì_©ë_¹ì_ : ê¹(***-****-****) ¡ì__°©ë² : ë©´ì_ifg@»ì_¸í_ ´ì_ __ ´ë___ê² ë¬¸ì___ê¸ ë°____.__¹ì_ : ¸ì_¨ë_°ë___¼í_-ê¹(***-****-****)-¸ì_¨ë_°ë___¼í_-ê¹[__]",ì±__
spam,"[Webë°__]ifg@____. ifg@[ì§__ëª¨ì_] ë§¤ë_ ¤ë_ __!!ifg@ ¼ì_ë¦ [êµ¬ì_/ë¶/__] ê° ____ë¶__ ì¢_ __ __ ,´ì°¨,°ë_,__.ifg@´ë_ _¬´ __¼ë_ ¼ì_ ë§__ ë¶ì¡±í_.  ifg@__¼ì __ ì±__ê° ____ ë§__ ì§__ ì£¼ì_.ifg@ifg@ _¬´´ì_ ifg@_¬´ ê´¨í_ ê°__ ¤ë__¦´ê»__. ifg@ë§¤ì_ *-*____ __  êµ¬ë§¤_¸° __´ì£¼__ _¬´__. ifg@__ _¬´ ´ì_ __ ì¹´í_ __ µí_ __ ¤ë_ _¦´ê»__.ifg@ifg@ ê¸__ ê¸°ì ifg@ - ê¸__ ¹ì_ ì§ê¸__ __.ifg@ -  **ë§~**ë§ ê· ´ì_ ì¶©ë_ ê°.  ***´ì_ ê°.ifg@ - __ _¬´ë§__ ¨êê° ¤ë¥´ë¯ë¡ ìµ_ _§¤ __ê¸__ *% ~ ìµ_ **% ì±__.ifg@ - ê¾¸ì__ ±ì___ ë¶__ê», ì¶_±ê³¼ê¸ ë³__ ì§ê¸.ifg@ifg@  ì±__ ___fg@ - ê²½ë_ / __ / ì§ ë¬´ê ©ë_.ifg@ - ì£¼ë __ ¬ì_ë¶__ ì¶©ë_ ______!ifg@ - ì´_³´  ¹ì_ ê°¥í___.ifg@ifg@ ì¹´í_ ____ _fg@ifg@ ´ë_  :  ¤ë_ ë§¤ë_     ifg@ ì¹´í_/__ :  [  eett**  ]ifg@ifg@ ë°__ë²__ ë¬¸ì_ë°__ __ ê´ê³__ ____ ë¶_¥í___.ifg@ ë°__ ì¹´í___ µí_ *ì° ____ _¦¬ê²____.ifg@ifg@ ê¸ ifg@ ¤ë_¸í_ë§ __ë© ´ë___ _¬´ê° ©ë_. ifg@ ì±____ ¤ì_**:** ~¤í_**:** ê¹_ ê°¥í___.ifg@ ê¸__ ¹ì_ ì§ê¸__ ê¸°ì¼ë_ ©ë_.ifg@ __ ´ì_ ê¸°ë_ ¨ì____. ë§_ ë¬¸ì_ ì£¼ì_.",ì±__
spam,"[Webë°__]ifg@____. ifg@[ì§__ëª¨ì_] ë§¤ë_ ì°¨ë __~ifg@¤ë_~ ì¦__ê³ ¬ë_ì° _£¨ __~ifg@ì£¼ì_´ë_ ë¶__ë¡ ,_¦¬,ì°¾ê_ê³, ë¶__ê» ì¢___ __ °ë___.  ifg@¼ì __¼ì __ì§ë§ ì±__ê° __, ê¼¼ê¼¼ ë¶ ë§__ ì§__ ì£¼ì_.ifg@ifg@ _¬´´ì_ ifg@_¬´ ê´¨í_ ê°__ ¤ë__¦´ê»__. ifg@ ¼í_ëª°ì_ ë§¤ì_ *~*____  __´ì£¼_©´ ©ë_. ifg@__ _¬´ ´ì_ __ ì¹´í_ __ µí_ __ ¤ë_ _¦´ê»__.ifg@ifg@ ê¸__ ê¸°ì ifg@ - __ ê±´ë_´ê±´¼ë_ ì§ê¸____.ifg@ - ë§¤ì_ ë§¤ì_ *~*__ ´ì_´ë_ __ë© () **ë§__´ì_ ì¶©ë_ ê°.ifg@ - __ _¬´ë§__ ¨êê° ¤ë¥´ë¯ë¡ ìµ_ _§¤ __ê¸__ *% ~ ìµ_ **% ì±__.ifg@ - __ ì£* *__ ¬ì_ __ ***´ì_ __!!ifg@ifg@  ì±__ ___fg@ - ê²½ë_/ __/ ì§ ë¬´ê.ifg@ - ì£¼ë __ ¬ì_ë¶__ ì¶©ë_ __ __.!ifg@ - ì´_³´ ¹ì_ ê°.ifg@ - ´ì___ ë¶__¼ë©´ _µ¬ ê°_fg@ifg@ ì¹´í_ ____ _fg@ifg@ ´ë_  :  ì°¨ë ë§¤ë_    ifg@ ì¹´í_/__ :  [  mm**  ]   ifg@ifg@ __ë²__ ë¬¸ì_ë°__ __ ê´ê³__ ____ ë¶_¥í___.ifg@ ë°__ ì¹´í___ µí_ *ì° ____ _¦¬ê²____.ifg@ifg@ ê¸ ifg@ ¤ë_¸í_ë§ __ë© ´ë___ _¬´ê° ©ë_. ifg@ ì±____ ¤ì_**:** ~¤í_**:** ê¹_ ê°¥í___.ifg@ ê¸__ ¹ì_ ì§ê¸__ ê¸°ì¼ë_ ©ë_.ifg@ __ ´ì_ ê¸°ë_ ¨ì____. ë§_ ë¬¸ì_ ì£¼ì_.",ì±__
spam,"[Webë°__]ifg@____~   ifg@__ëª©í_ - ë§¤ì_  *** ´ì_, * ´ë_ __!!ifg@ì£¼ì_/ë¶/¬í__¬´ ¨ê_ ¼í_¤ë_ ëª¨ì_©ë_, .,!! if,g@_¬´ __¼ë_ ì¶_ ¸ì_ ëª¨ì_ì¤__ ì¢_ __ __ °ë___. ifg@__¼ì __ì§ë§ ì±__ê° __ ê¼¼ê¼¼ ë¶__ ë§__ ì§__ ì£¼ì_~ifg@ifg@  ë¬ ë° ê¸ _fg@_¬´ ê´¨í_ ê°__ ¤ë__¦´ê»__. ifg@ë§¤ì_ *~*__ __  ¼í_ëª°ì_ ê°__ __´ì£¼__ _¬´__.ifg@__ _¬´ ´ì_ __ __ µí_ __ ¤ë_ _¦´ê»__.ifg@ifg@ê¸__ ¹ì_ ì§ê¸__ __. ifg@¼ì_ê° __¨ì_ë¡ ê³__ __.ifg@_¬´__ °ë_  *ë§~**ë§__, *** ´ì_ ê°¥í_¸ì_.ifg@ifg@     _fg@- ±ë_ë¬´ê / __ë¬´ê / __ë¬´êifg@- ì£¼ë / __ / ¬ì_ / ì§__ / _¦¬__ / ¼ì_ì§_fg@  (ê±´ë_ ì§__ê° , _£¨ *~*__ ê°__ _¬´)ifg@ifg@     [ ì¹´ì¹´¤í_ ë¬¸ì_ ]ifg@ifg@ ´ë_  :  __ ë§¤ë_      ifg@ ¤ì_ê° ì¹´í_ __ ë°__ê°ê¸ ___fg@linktr.ee/brand****ifg@ifg@ __  ë²__ ë¬¸ì_ë°__ __´ë©°, __ __ ë¶_¥í___.ifg@ë°__ ì¹´í___ µí_ *ì° ____ _¦¬ê²____.ifg@ifg@ ê¸ ifg@ __ ¤ì_ **:** ~¤í_ *:** ê¹_ ê°¥í___.ifg@ ____ __ __ê·¼ë¬´ ê° / êµ__ë¹, __ë¹, __ë£ ¼ì²´ __ifg@ __ ´ì_ ê¸°ë_ ¨ì____. ë§_ ë¬¸ì_ ì£¼ì_.ifg@",ì±__
spam,"[Webë°__]ifg@_____fg@êµ¬ì_êµ¬ì_ ì±__ ë§¤ë_ ¡ëê² ___fg@ifg@¬ì ¨ê_ ¼í_ ´ì_ê°__ ifg@__ ë° ì§__ë¶__,ëª¨ì_,__,____ifg@ifg@[ëª¨ì___]ifg@- ì²´í_ ê°__ ë¬¼ë___/ë¬¼ë_ê´ë¦_fg@(__¼ì_ ë§__ ë³´ë_ ¼ê±°ë¦¬ê _£¼ ë§____)ifg@ifg@[ì§__ê²]ifg@- ±ë_ë¬´ê / __ë¬´ê / __ë¬´êifg@- ì£¼ë,¬ì_,__,ì§__,_¦¬__ifg@ (±ì_ ¬ì_ë¶__ °ë©ë_^^)ifg@ifg@ ì¹´ì¹´¤í_ë¬¸ì_ _fg@__¹ì_ : ¡ëê²_fg@_¹´ ID: mk***ifg@ifg@[ê·¼ë¬´__]ifg@- **~** __ ë³¸ì_ ¬ë_ ê·¼ë¬´__ ê¸°ì_ifg@- __ ê° (ex. **~ **)ifg@- ì£ * + ´ì_ê·¼ë¬´  __ *~* ( * ´ë¬´ ê¸°ì)ifg@- ì£¼ë_/ê³µí_ ê·¼ë¬´ __ ´ë¬´ __ __ ê°_fg@- _£¨ *~* __ ¸í_ ___¬´ ifg@ifg@[ê¸____]ifg@- ë§_·¼ê¸°ì  ìµ_ ê¸__ifg@ (ê¸°ë³¸ê¸ ë° ¸ì_°ë_ __ ë° ì§__ ¬í_)ifg@-  : **~**ë§__ ´ì_ / *ê°__ : ìµ__ ***ë§__ ´ì_~ifg@- ¸ì_°ë_ (_¬´ °ë_ ì°¨ë_ __) :  ***ë§__ ~ ifg@ifg@ì§__ê° ë§_ ê´ê³__ __ ¨ê²¨ì£¼ì_ë© ë¹_¥´ê² µë´ë_ë¦¬ê_µë_.ifg@ifg@____ **:**~**:** __",ì±__
spam,"[Webë°__]ifg@____. ifg@[ì§__ëª¨ì_]  ë§¤ë_ ê¹ì§ __!!ifg@ ¼ì_ë¦ [êµ¬ì_/ë¶/__] ê° ____ë¶__ ì¢_ __ __,__ì°,°ë_,__.ifg@´ë_ _¬´ __¼ë_ ¼ì_ ë§__ ë¶ì¡±í_.  ifg@__¼ì __ ì±__ê° ____ ë§__ ì§__ ì£¼ì_.ifg@ifg@ _¬´´ì_ ifg@_¬´ ê´¨í_ ê°__ ¤ë__¦´ê»__. ifg@ë§¤ì_ *-*____ __  êµ¬ë§¤_¸° __´ì£¼__ _¬´__. ifg@__ _¬´ ´ì_ __ ì¹´í_ __ µí_ __ ¤ë_ _¦´ê»__.ifg@ifg@ ê¸__ ê¸°ì ifg@ - ê¸__ ¹ì_ ì§ê¸__ __.ifg@ -  **ë§~**ë§ ê· ´ì_ ì¶©ë_ ê°.  ***´ì_ ê°.ifg@ - __ _¬´ë§__ ¨êê° ¤ë¥´ë¯ë¡ ìµ_ _§¤ __ê¸__ *% ~ ìµ_ **% ì±__.ifg@ - ê¾¸ì__ ±ì___ ë¶__ê», ì¶_±ê³¼ê¸ ë³__ ì§ê¸.ifg@ifg@  ì±__ ___fg@ - ê²½ë_ / __ / ì§ ë¬´ê ©ë_.ifg@ - ì£¼ë __ ¬ì_ë¶__ ì¶©ë_ ______!ifg@ - ì´_³´  ¹ì_ ê°¥í___.ifg@ifg@ ì¹´í_ ____ _fg@   ifg@ ´ë_  :  ê¹ì§ ë§¤ë_     ifg@ ì¹´í_/__ :  [  jiyeon****  ]ifg@ifg@ __ë²__ ë¬¸ì_ë°__ __ ê´ê³__ ë°____ ë¶_¥í___.ifg@ ë°__ ì¹´í___ µí_ *ì° ____ _¦¬ê²____.ifg@ifg@ ê¸ ifg@ ¤ë_¸í_ë§ __ë© ´ë___ _¬´ê° ©ë_. ifg@ ì±____ ¤ì_**:** ~¤í_**:** ê¹_ ê°¥í___.ifg@ ê¸__ ¹ì_ ì§ê¸__ ê¸°ì¼ë_ ©ë_.ifg@ __ ´ì_ ê¸°ë_ ¨ì____. ë§_ ë¬¸ì_ ì£¼ì_.",ì±__
spam,"____. ifg@ì§__ëª¨ì_ ë§¤ë_ ê°__ __.!!ifg@ì¢_ ¼ì_ë¦ __ __ __ °ë___.ifg@ì£¼ì_ / ë¶ ëª¨ë_ ê°¥í___ ì±,__,__,, ê¼¼ê¼¼ ë¶__ ë§__ ì§__ ì£¼ì_.ifg@ifg@ _¬´´ì_ ifg@_¬´ ê´¨í_ ê°__ ¤ë__¦´ê»__. ifg@ë§¤ì_ *-*____ ì§__ _¦° __  êµ¬ë§¤_¸° __´ì£¼__ _¬´__. ifg@__ _¬´ ´ì_ __ ì¹´í_ __ µí_ __ ¤ë_ _¦´ê»__.ifg@ifg@ ê¸__ ê¸°ì ifg@ - ê¸__ ¹ì_ ì§ê¸__ __.ifg@ -  **ë§~**ë§ ê· ´ì_ ì¶©ë_ ê°. (***´ì_)ifg@ - __ _¬´ë§__ ¨êê° ¤ë¥´ë¯ë¡ ìµ_ _§¤ __ê¸__ *% ~ ìµ_ **% ì±__.ifg@ - ê¾¸ì__ ±ì___ ë¶__ê», ì¶_±ê³¼ê¸ ë³__ ì§ê¸.ifg@ifg@  ì±__ ___fg@ - ê²½ë_/ __/ ì§ ë¬´ê.ifg@ - ì£¼ë __ ¬ì_ë¶__ ì¶©ë_ __ __.!ifg@ - ì´_³´ ¹ì_ ê°.ifg@ ifg@ ì¹´í_ ____ _fg@ifg@ ´ë_  :  ê°__ ë§¤ë_     ifg@ ì¹´í_/__ :  [  sooyen**  ]ifg@ifg@ ê¸ ifg@ ¤ë_¸í_ë§ __ë© ´ë___ _¬´ê° ©ë_. ifg@ ì±____ ¤ì_**:** ~¤í_**:** ê¹_ ê°¥í___.ifg@ ê¸__ ¹ì_ ì§ê¸__ ê¸°ì¼ë_ ©ë_.ifg@ __ ´ì_ ê¸°ë_ ¨ì____. ë§_ ë¬¸ì_ ì£¼ì_.ifg@ifg@ __ë²__ ë¬¸ì_ë°__ __ ê´ê³__. ë°__ ì¹´í_´ë_, __ë¬¸ì_ __ë¥ µí_ ì±____ __¦¬ê²____.",ì±__
spam,"[Webë°__]ifg@'(ì£)´ë___' ¤í_ êµ¬ì_ê³µê_ifg@ifg@____ (ì£)´ë___HR ¸ì_ __.ifg@ifg@[ê¸°ë³¸__ __ ê°__ ,ê³ ,¤í_,ë¶ _·¹°ë]ifg@ifg@********(ëª©ì_) __ê·¼ë¬´  ¹ë_ ¸ì_°ë_ *ë§__ ì§ê¸__ê³ ____.ifg@ifg@ ¤ìì¤ _²­ ë¶__ë¦½ë_.ifg@ifg@__ë¡_ NEW ¨ì___ ¤í_ (ì£)´ë_____ ì¶_ __¼ë_ ¸í_ ì§__ë¶__ ëª¨ì_©ë_.ifg@ifg@ __ ë§¤ì_ ¬ì___ **ë¶ ´ì_ __, ±ì___ ì£¼ì_ì§ _¬´__ ____  __ë© ê°¥í___.ifg@ifg@ ¨ê¸°or¥ê¸° ëª¨ë_ ê°¥í_ë©, ±ì___ ´ì_ ¼í___ ì§__ë¶__ê²__   °ëë¥ _¦½__.ifg@ifg@ ¬ëë³´í_ ___ _¸°, ë¶__ë¡__ ê°¥í_ ë§_ ê´¬ê³¼ ë¬¸ì_ ë¶__ë¦½ë_.ifg@ifg@ __ê³ ¥ì_ë¥ ê°ë¦¬ì __   _¸° ¸í_ê² ë¬¸ì_ì£¼ì_ë© ì¢__µë_.ifg@ifg@ _¬´ ë° ì¡°ê±´´ì_ifg@ifg@- ì±__  : __, ì£¼ë, ì·¨ì_ ì¤ë¹__, _¦¬__  _µ¬ ê°_fg@- ì±__ ¸ì_ : __ *ëª ëª¨ì_ ì¤_fg@- __ __ : ** ´ì_ ëª¨ë_ ¨ë~(ë¯¸ì___ ì£__©ë_)ifg@- ê·¼ë¬´ ¼ì_ : ì£*(__~ê¸__)ifg@- ê·¼ë¬´ __ : *__ ~ *__(ë³¸ì_ __ ë§_¶° _¬´ë°°ì_)ifg@- ê·¼ë¬´ ¥ì_ : ¥ì_ë¬´ê(¸ì_ ´ë___ ê°¥í___)ifg@- ê·¼ë¬´ __ : ê³__ì§(ë³__ __x, ¬ëë³´í_ ë¯¸ì_)ifg@- _¬´ ë°©ë_ : °ë_ì£¼ì_ë© __ _¦¬ê²____.ifg@- ê¸__ ë³µì : ¼ë_ **,***(¹ì___ __) - ¸ì_°ë_ ë³__ifg@(¥ê¸°ê·¼ì_ ¬ì_ - ëª__, __, ¬ë¦¬¤ë_, ê°__ ê¸°ë_ __ê¶ __ _¬¼ ì§ê¸!)ifg@ifg@[ __ ë¬¸ì_ ]ifg@(ì£)´ë___ifg@-__°ê²° : https://han.gl/vXnLcWifg@(ì¹´í_´ê¸°-ì±__ì¶_-ë©__ì§ë³´ë_ê¸)ifg@ifg@ì§_¬¸_ ë§_ ê´ê³__ ´ë __ ë¶___,  ì±__ ë§__ë¡ ì§__ì£¼ì_ê¸ ë°____.ifg@ifg@ ¬ì_/ê¸°ê _³´ê° __ (__)´ëë¡ ____ê³ ¸í_ê² ë¬¸ì_ ë°____.ifg@ ê¸ ê¸ ½ì_ì£¼ì_ ê°__©ë_. ´ë_ _¬´ ´ë_´ì_ __ì§ë§, ì±__ê°__ __ ë¶ ì§ ë°____.ifg@ifg@*¸ì_ ´ë___ ¸í_ê³ ê°____ ê¸____  __ ë§_ ì§ ë¶__ë¦½ë_.ifg@*ì§__ê° ë§__ __ *:**~**:** ¬ì_ë¡ __¦¬ê³ __ ì°¸ê_ ë¶__ë¦½ë_.ifg@*´ë_ ë²__ ë°____ ë²__´ëë¡ µí_ ë¶__©°, ì±__ ë§__ ´ë¦­__ ì±__ ì¶_  °ë_ ì£¼ì_ë© ©ë_.",ì±__
spam,** _°°ê¸°ì_ ____±ê³µ! ifg@¨ë¸ì_ µë__OKifg@**ë¶__ë¡ **__ë³µí_¸ì_ifg@ifg@//vo.la/mgr*U,ì±__
spam,"[Webë°__]ifg@__ê· ë§¤ë_ __. ^^ifg@  ifg@¸í_ê² ¬í_ê·¼ë¬´ ê°¥í_ifg@__/ì§__ë¶__ ëª¨ì_ì¤____.ifg@(_°©**ëª ê¸__ê²,ëª¨ì_,ì¤)i,fg@ ifg@[°ë__¬¼¸í_ë°°ì__²´]ifg@ë¬¼ë_ __/ê´ë¦/´í_ifg@ ifg@__/ì§__ ëª¨ì_ì¤____.ifg@´ë_ê±°ë_ ë³µì_ _¬´ __ë©,ifg@¨ì_+ê°__+ë°_³µ _¬´__.ifg@ ifg@_£¨ *-*__ ifg@(*~**ë§__ê¹_ ¹ì_ì§ê¸)ifg@ ifg@[ì¹´ì¹´¤í_ë¬¸ì_]ifg@https://litt.ly/kakaotalk**ifg@(__ ´ì_ ê¸°ë_ ¨ì____)ifg@ ifg@- ë¶/¬ì_/¨ê¸° ê°¥í__fg@- ½ê_+¸í_ê³+ê°__ _¬´ifg@- ¬ë___ __ __ê·¼ë¬´ifg@- ±ë_ë¬´ê/__ë¬´ê/__ë¬´êifg@- ì´_³´__¤ë_ ½ê_ _¬´ê°_fg@- ì£¼ë/¬ì_/_¦¬__ ë¶__ ëª¨ì_ì¤_fg@- ´ì_ê°__ë¶__ ë§_ì§_____fg@ ifg@- ____ **:**~**:** __",ì±__
spam,"[Webë°__]ifg@¸ì__¦¬ê²____.ifg@[¤ì¹´´ëª°] ì±__ë¶  _ ë§¤ë_ __.ifg@ifg@[¤ì¹´´ëª°]__ ___¦½__.ifg@- ¸ë_ë³, ê±,__, ë§_ ê´ê³__ êµ¬ì_ ê³µê_ ë¬¸ì_ __ _¦½__.ifg@- ëª¨ë_ _¬´ ´ì_ _¸° ¼ì_ ____ ´ì_ __ ¼í_ì£¼ì_ __ë¶__ ëª¨ì_©ë_.ifg@- ìµ____ ê¸°ë³¸__ __ ê°__ê³ °ë_ ì£¼ì_ê¸ ë°____.ifg@ifg@*. ì²____ê±°ë_ ì´_³´ ë¶__ ½ê_ __  ____.ifg@*. __, ì£¼ë, ì·¨ì_ ì¤ë¹__  ëª¨ë___ ìµ__ ì§__ _³µifg@*. ë³¸ì_ __ë§__ __ ë°____ __ ì§__ifg@*. ¬ëë³´í_ ë¯¸ì_©ì_ë¡ ë¶ ë° ¬í___ë¡ ê°_fg@ifg@- ëª¨ì_  : __, ì£¼ë, ì·¨ì_ ì¤ë¹__, _¦¬__  _µ¬ ê°_fg@- __ __ : ** ´ì_ ëª¨ë_ ¨ë~(ë¯¸ì___ ì£__©ë_)ifg@- ê·¼ë¬´ ¼ì_ : ì£*(__~ê¸__)ifg@- ê·¼ë¬´ __ : *__ ~ *__(ë³¸ì_ __ ë§_¶° _¬´ë°°ì_)ifg@- ê·¼ë¬´ ¥ì_ : ¥ì_ë¬´ê(¸ì_ ´ë___ ê°¥í___)ifg@- ¬ë ë³´í_ : ë¯¸ì__fg@- _¬´ ë°©ë_ : °ë_ì£¼ì_ë© __ _¦¬ê²____.ifg@- ê¸       : ¼ë_ ***,*** +@(¹ì___ __)ifg@ifg@[ __ ë¬¸ì_ ]ifg@-ì¹´ì¹´¤í_IDì¶_ : Hey**ifg@(ì¹_µ¬ëª©ë_ ¤ë¥¸ìª  ¬ë_ëª¨ì_ __ ´ë¦­>____ ì¶_>ì¹_µ¬ì¶_  ¼ë ë¬¸ì_ë¡ ±í_ ¨ê²¨ì£¼ì_ë© __  ë¹_¥´ê² __ __¦¬ê²____.)ifg@ifg@ ê¸ ê¸ ½ì_ì£¼ì_ ê°__©ë_. ´ë_ _¬´ ´ë_´ì_ __ì§ë§, ì±__ê°__ __ ë¶ ì§ ë°____.ifg@ifg@*¸ì_ ´ë___ ¸í_ê³ ê°____ ê¸____  __ ë§_ ì§ ë¶__ë¦½ë_.ifg@*ì§__ê° ë§__ __ *:**~**:** ¬ì_ë¡ __¦¬ê³ __ ì°¸ê_ ë¶__ë¦½ë_.ifg@*µí___ ë§__ °ê²° ì§°ë_ ê²½ì_ ì¹´ì¹´¤í_IDë¥ ì¶___ °ë_ __ë© ©ë_.ifg@",ì±__
spam,"____. ifg@ì§__ëª¨ì_ ë§¤ë_ _ë¯ __.!!ifg@ì¢_ ¼ì_ë¦ __ __ __ °ë___.ifg@ì£¼ì_ / ë¶ ëª¨ë_ ê°¥í___ ì±,__,__,, ê¼¼ê¼¼ ë¶__ ë§__ ì§__ ì£¼ì_.ifg@ifg@ _¬´´ì_ ifg@_¬´ ê´¨í_ ê°__ ¤ë__¦´ê»__. ifg@ ¼í_ëª°ì_ ë§¤ì_ *~*____  __´ì£¼_©´ ©ë_. ifg@__ _¬´ ´ì_ __ ì¹´í_ __ µí_ __ ¤ë_ _¦´ê»__.ifg@ifg@ ê¸__ ê¸°ì ifg@ - ê¸__ ¹ì_ ì§ê¸__ __.ifg@ -  **ë§~**ë§ ê· ´ì_ ì¶©ë_ ê°. (***´ì_)ifg@ - __ _¬´ë§__ ¨êê° ¤ë¥´ë¯ë¡ ìµ_ _§¤ __ê¸__ *% ~ ìµ_ **% ì±__.ifg@ - ê¾¸ì__ ±ì___ ë¶__ê», ì¶_±ê³¼ê¸ ë³__ ì§ê¸.ifg@ifg@  ì±__ ___fg@ - ê²½ë_/ __/ ì§ ë¬´ê.ifg@ - ì£¼ë __ ¬ì_ë¶__ ì¶©ë_ __ __.!ifg@ - ì´_³´ ¹ì_ ê°.ifg@ ifg@ ì¹´í_ ____ _fg@ifg@ ´ë_  : _ë¯ ë§¤ë_      ifg@ ì¹´í_ ID : [  jad****  ]   ifg@ifg@ ê¸ ifg@ ¤ë_¸í_ë§ __ë© ´ë___ _¬´ê° ©ë_. ifg@ ì±____ ¤ì_**:** ~¤í_**:** ê¹_ ê°¥í___.ifg@ ê¸__ ¹ì_ ì§ê¸__ ê¸°ì¼ë_ ©ë_.ifg@ __ ´ì_ ê¸°ë_ ¨ì____. ë§_ ë¬¸ì_ ì£¼ì_.ifg@ifg@ __ë²__ ë¬¸ì_ë°__ __ ê´ê³__. ë°__ ì¹´í_´ë_, __ë¬¸ì_ __ë¥ µí_ ì±____ __¦¬ê²____.",ì±__
spam,"[Webë°__]ifg@____. êµ¬ì_êµ¬ì_ ì±__ ë§¤ë_ ê¹__  __!!ifg@ifg@ ¹ì___ ¨ê_¼í_ ´ì_ê°__ ì§__ë¶__ ëª¨ì_,__,µë_,.ifg@ifg@_ª¨ì§__: ì²´í_ ê°__ ì²´í__¸°ê¸ __ /ë³__ ì£¼ê¸° _¬´, ¬í_ê·¼ë¬´ ê°!!ifg@__«í_ ë§__ ë³´ë_ ¼ê±°ë¦¬ê _£¼ ë§____.ifg@ifg@[ì§__ê²]ifg@- ±ë_ë¬´ê(¬ì_°ë) / __ë¬´ê / __ë¬´êifg@-ì£¼ë / ¬ì_ / __ / ì§__ / _¦¬__ifg@- ´ì_ __ ë¶__¼ë©´ _µ¬ / ë¶ / __ / ê°_fg@ifg@[ê·¼ë¬´__]ifg@**~** __ ë³¸ì_ ¬ë_ ê·¼ë¬´__ ê¸°ì_ifg@(__ ê°. ex) ¤ì_ ** ~ ¤í_* _fg@ì£ *. ´ì_ê·¼ë¬´  __ *~* ( * ´ë¬´ ê¸°ì)ifg@ì£¼ë_/ê³µí_ ê·¼ë¬´ __ ´ë¬´ __ __ ê°_fg@ifg@[ê¸__]ifg@- ë§_·¼ ê¸°ì (* ~ ë§__)  ìµ_ ê¸__ (ê¸°ë³¸ê¸ ë° ¸ì_°ë_ __ ë° ì§__ ¬í_)ifg@-  : *~**ë§__ ´ì_ / *ê°__ : ìµ__ ***ë§__ ´ì_~ifg@- ¸ì_°ë_ (_¬´ °ë_ ì°¨ë_ __) :  ***ë§__ ~ifg@ifg@¹ì_ì§ê¸__ __ ê±´ë_ì§ê¸__ ¸í_ê² ë¬¸ì_ì£¼ì_.ifg@ifg@¶ì_´ë¬¸_ifg@__¹ì_ : ê¹__ifg@_¹´ ID: adee***ifg@ifg@ì§__ê° ë§_ ê´ê³__ ë¬¸ì_ ¨ê²¨ì£¼ì_ë© ë¹_¥´ê² µë´ë_ë¦¬ê_µë_.",ì±__
spam,"__ê¸°ì_ ê°_¸° ì¡°ì___ê³, *__ ë°__¸ì_.ifg@____. _ ì¢_ _³´ë§ _³µ _¦¬ ´í_ ë§¤ë_ __ ^^ifg@´ë_ ì§, ì¶,__,ë¡ ì±__ê° ____  ëª¨ì___ __.!ifg@ê°____ ____ ¼ì_, ë§_ ë¶__ ë¬¸ì_ ì£¼ì_.! ifg@ifg@ _¬´´ì_ ifg@_¬´ ê´¨í_ ê°__ ¤ë__¦´ê»__. ifg@ ¼í_ëª°ì_ *~*____ __ ì£¼ì_ë© ©ë_.ifg@__ _¬´ ´ì_ ì¹´í_ µí_ ë¬¸ì_ ì£¼ì_ë©, ì¹____ __ _¦´ê»__.ifg@ifg@ ê¸__ ê¸°ì ifg@ - ê¸__ ¹ì_ ì§ê¸__ __¼ë_ ©ë_.ifg@ -  **ë§~**ë§ ê· ´ì_ ì¶©ë_ ê°¥í___. *** ´ì_ ê°¥í___.ifg@ - __ _¬´ë§__ ¨êê° ¤ë¥´ë¯ë¡ ìµ_ _§¤ __ê¸__ *% ~ ìµ_**% ì±__ ____.ifg@ - ê¾¸ì__ ±ì___ ë¶__ê», ì¶_±ê³¼ê¸  ë³__ë¡ ì§ê¸ ´ë_ë¦¬ê_ ____.ifg@ifg@  ì±__ ___fg@ - ê²½ë_.__  / ì§ ë¬´ê©ë_.ifg@ - ì£¼ë __ ¬ì_ë¶__ ì¶©ë_ ______!ifg@ - ì´_³´  ¹ì_ ê°¥í___.ifg@ifg@ ì¹´í___ __ifg@ifg@ ´ë_  : ´í_ ë§¤ë_      ifg@ ì¹´í_ ID :   nn**ifg@ifg@ ë°__ë²__ ë¬¸ì_ë°__ __ ê´ê³__ ____ ë¶_¥í___.ifg@ ë°__ ì¹´í___ µí_, ì±____ __¦¬ê²____.ifg@ifg@ ê¸ ifg@ ¤ë_¸í_ë§ __ë© ´ë___ _¬´ê° ©ë_. . ifg@ ì±____ ¤ì_**:** ~¤í_**:** ê¹_ ê°¥í___.ifg@ ê¸__ ¹ì_ ì§ê¸__ ë§_¡±__ ë¶__ ë§__, ¸ì__ ë¬¸ì_ì£¼ì_ê¸ ë°____.",ì±__
spam,"¸ì__¦¬ê²____.ifg@[¼ì__ª°] ì±__ë¶  ê¹ë¯¼ì_ ë§¤ë_ __.ifg@ifg@[¼ì__ª°]__ ___¦½__.ifg@- ¸ë_ë³´ë_ ê±°ë___,ë§_,ê´ê³__,êµ¬ì_ ê³µê_ ë¬¸ì_ __ _¦½__.ifg@- ëª¨ë_ _¬´ ´ì_ _¸° ¼ì_ ____ ´ì_ __ ¼í_ì£¼ì_ __ë¶__ ëª¨ì_©ë_.ifg@- ìµ____ ê¸°ë³¸__ __ ê°__ê³ °ë_ ì£¼ì_ê¸ ë°____.ifg@ifg@*. ì²____ê±°ë_ ì´_³´ ë¶__ ½ê_ __  ____.ifg@*. __, ì£¼ë, ì·¨ì_ ì¤ë¹__  ëª¨ë___ ìµ__ ì§__ _³µifg@*. ë³¸ì_ __ë§__ __ ë°____ __ ì§__ifg@*. ¬ëë³´í_ ë¯¸ì_©ì_ë¡ ë¶ ë° ¬í___ë¡ ê°_fg@ifg@- ëª¨ì_  : __, ì£¼ë, ì·¨ì_ ì¤ë¹__, _¦¬__  _µ¬ ê°_fg@- __ __ : ** ´ì_ ëª¨ë_ ¨ë~(ë¯¸ì___ ì£__©ë_)ifg@- ê·¼ë¬´ ¼ì_ : ì£*(__~ê¸__)ifg@- ê·¼ë¬´ __ : *__ ~ *__(ë³¸ì_ __ ë§_¶° _¬´ë°°ì_)ifg@- ê·¼ë¬´ ¥ì_ : ¥ì_ë¬´ê(¸ì_ ´ë___ ê°¥í___)ifg@- ¬ë ë³´í_ : ë¯¸ì__fg@- _¬´ ë°©ë_ : °ë_ì£¼ì_ë© __ _¦¬ê²____.ifg@- ê¸       : ¼ë_ ***,*** +@(¹ì___ __)ifg@ifg@[ __ ë¬¸ì_ ]ifg@-- ¤ì_ê°__ : https://me*.kr/jkciRifg@ifg@ ê¸ ê¸ ½ì_ì£¼ì_ ê°__©ë_. ´ë_ _¬´ ´ë_´ì_ __ì§ë§, ì±__ê°__ __ ë¶ ì§ ë°____.ifg@ifg@*¸ì_ ´ë___ ¸í_ê³ ê°____ ê¸____  __ ë§_ ì§ ë¶__ë¦½ë_.ifg@*ì§__ê° ë§__ __ *:**~**:** ¬ì_ë¡ __¦¬ê³ __ ì°¸ê_ ë¶__ë¦½ë_.ifg@*µí___ ë§__ °ê²° ì§°ë_ ê²½ì_ ì¹´ì¹´¤í_IDë¥ ì¶___ °ë_ __ë© ©ë_.",ì±__
spam,"(ê´__)<<¼ì_ë¦ ¬ë___ ê¸°ì___ >>ifg@ifg@____ (ì£)ë°__  ê¶__¬ë§¤___ ifg@ifg@´ë_ ì§__ ì¦__¼ë_ ì±__ê° ,¼ì_ë¶,,ëª¨ì___ __. ê°____ ____ ¼ì_ ë§_ ë¬¸ì_ ì£¼ì_!ifg@ifg@ _¬´´ì_ifg@- ë§¤ì_ *-*__ __ __  êµ¬ë§¤_¸° __´ì£¼__ _¬´__.ifg@- ´ë___ _¬´ê° ê° (¤ë_¸í_ __ PC) ë§ ___©´ ©ë_.ifg@ifg@ ê¸__ê¸°ì ifg@- ê¸__ ¹ì_ ì§ê¸__ __¼ë_ ©ë_.ifg@-  **ë§~**ë§ ê· ´ì_ ì¶©ë_ ê°¥í___.ifg@- __ _¬´ë§__ ¨êê° ¤ë¥´ë¯ë¡ ìµ_ _§¤ __ê¸__ *% - ìµ_ **% ì±__ ____.ifg@- ê¾¸ì__ ±ì___ ë¶__ê», ì¶_±ê³¼ê¸__ ë³__ë¡ ì§ê¸ ´ë_ë¦¬ê_ ____.ifg@ifg@ ì±___fg@- ê²½ë_.__.ì§. ë¬´ê / ì´_³´ ê°¥í___.ifg@- ì£¼ë __ ¬ì_ë¶__ ì¶©ë_   ____.ifg@ifg@ ê·¼ë¬´ __ ë³¸ì___ ë§_¶° _£¨ *-*____ ë°°ì_ _¦½__.ifg@ ¹ì_ì§ê¸__ ë§_¡±__ ë¶__ ë§__ ¸ì_ ¸í_ê² ë¬¸ì_ì£¼ì_ê¸ ë°____.ifg@ifg@¼â_¼ì_    ¼â__fg@ ´ë_  : ê¶__ ë§¤ë_    ifg@ ì¹´í_ ID : jk****ifg@ifg@* ¤ë_¸í_ë§ __ë© ´ë___ _¬´ ê°¥í___.ifg@* ì±_____ ë§_ ê´ê³__ __ *:**~**:**ê¹_ ê°¥í___.ifg@ifg@ë¬´ë_ê±°ë **********",ì±__
spam,__ ´ì___ ì¹´í_ì¶___ ¡í_ì¤~´í_ ê³__ _¦¬ë§¡ê²¼,ì±__
spam,"[Webë°__]ifg@____. êµ¬ì_êµ¬ì_ ì±__ ë§¤ë_ ´í_ë¦ __!!ifg@ifg@ ¹ì___ ¨ê_¼í_ ´ì_ê°__ ì§__ë¶__ ëª¨ì_,ê³__,µë_,.ifg@ifg@_ª¨ì§__: ì²´í_ ê°__ ì²´í__¸°ê¸ __ /ë³__ ì£¼ê¸° _¬´, ¬í_ê·¼ë¬´ ê°!!ifg@__«í_ ë§__ ë³´ë_ ¼ê±°ë¦¬ê _£¼ ë§____.ifg@ifg@[ì§__ê²]ifg@- ±ë_ë¬´ê(¬ì_°ë) / __ë¬´ê / __ë¬´êifg@-ì£¼ë / ¬ì_ / __ / ì§__ / _¦¬__ifg@- ´ì_ __ ë¶__¼ë©´ _µ¬ / ë¶ / __ / ê°_fg@ifg@[ê·¼ë¬´__]ifg@**~** __ ë³¸ì_ ¬ë_ ê·¼ë¬´__ ê¸°ì_ifg@(__ ê°. ex) ¤ì_ ** ~ ¤í_* _fg@ì£ *. ´ì_ê·¼ë¬´  __ *~* ( * ´ë¬´ ê¸°ì)ifg@ì£¼ë_/ê³µí_ ê·¼ë¬´ __ ´ë¬´ __ __ ê°_fg@ifg@[ê¸__]ifg@- ë§_·¼ ê¸°ì (* ~ ë§__)  ìµ_ ê¸__ (ê¸°ë³¸ê¸ ë° ¸ì_°ë_ __ ë° ì§__ ¬í_)ifg@-  : *~**ë§__ ´ì_ / *ê°__ : ìµ__ ***ë§__ ´ì_~ifg@- ¸ì_°ë_ (_¬´ °ë_ ì°¨ë_ __) :  ***ë§__ ~ifg@ifg@¹ì_ì§ê¸__ __ ê±´ë_ì§ê¸__ ¸í_ê² ë¬¸ì_ì£¼ì_.ifg@ifg@¶ì_´ë¬¸_ifg@__¹ì_  : ´í_ë¦_fg@_¹´ ID : cck***ifg@ifg@ì§__ê° ë§_ ê´ê³__ ë¬¸ì_ ¨ê²¨ì£¼ì_ë© ë¹_¥´ê² µë´ë_ë¦¬ê_µë_.",ì±__
spam,"____. ifg@[ì§__ëª¨ì_] ë§¤ë_ ´ë __!!ifg@ ¼ì_ë¦ [êµ¬ì_/ë¶/__] ê° ____ë¶__ __ ì¢_ __ __ __ì°,°ë_,__,.ifg@´ë_ _¬´ __¼ë_ ¼ì_ ë§__ ë¶ì¡±í_.  ifg@__¼ì __ ì±__ê° ____ ë§__ ì§__ ì£¼ì_.ifg@ifg@ _¬´´ì_ ifg@_¬´ ê´¨í_ ê°__ ¤ë__¦´ê»__. ifg@ë§¤ì_ *-*____ __  êµ¬ë§¤_¸° __´ì£¼__ _¬´__. ifg@__ _¬´ ´ì_ __ ì¹´í_ __ µí_ __ ¤ë_ _¦´ê»__.ifg@ifg@ ê¸__ ê¸°ì ifg@ - ê¸__ ¹ì_ ì§ê¸__ __.ifg@ -  **ë§~**ë§ ê· ´ì_ ì¶©ë_ ê°.  ***´ì_ ê°.ifg@ - __ _¬´ë§__ ¨êê° ¤ë¥´ë¯ë¡ ìµ_ _§¤ __ê¸__ *% ~ ìµ_ **% ì±__.ifg@ - ê¾¸ì__ ±ì___ ë¶__ê», ì¶_±ê³¼ê¸ ë³__ ì§ê¸.ifg@ifg@  ì±__ ___fg@ - ê²½ë_ / __ / ì§ ë¬´ê ©ë_.ifg@ - ì£¼ë __ ¬ì_ë¶__ ì¶©ë_ ______!ifg@ - ì´_³´  ¹ì_ ê°¥í___.ifg@ifg@ ì¹´í_ ____ _fg@ifg@ ´ë_  : ´ë ë§¤ë_    ifg@ ì¹´í_/__ :  [  dafa***  ]ifg@ifg@ ë°__ë²__ ë¬¸ì_ë°__ __ ê´ê³__ ____ ë¶_¥í___.ifg@ ë°__ ì¹´í___ µí_ *ì° ____ _¦¬ê²____.ifg@ifg@ ê¸ ifg@ ¤ë_¸í_ë§ __ë© ´ë___ _¬´ê° ©ë_. ifg@ ì±____ ¤ì_**:** ~¤í_**:** ê¹_ ê°¥í___.ifg@ ê¸__ ¹ì_ ì§ê¸__ ë§_¡±__ ë¶__ ë§__, ¸ì__ ë¬¸ì_ì£¼ì_ê¸ ë°____.",ì±__
spam,[Webë°__]ifg@** _°°ê¸°ì_ ____±ê³µ!ifg@¨ë¸ì_ µë__OKifg@**ë¶__ë¡ **__ë³µí_¸ì_ifg@___fg@iii.im/LpsW,ì±__
spam,"[Webë°__]ifg@____. ifg@[ì§__ëª¨ì_] ë§¤ë_ ìµ__ë¯ __!!ifg@ ¼ì_ë¦ [êµ¬ì_/ë¶/__] ê° ____ë¶__ ì¢_ __ __ ,´ì°¨,°ë_,__.ifg@´ë_ _¬´ __¼ë_ ¼ì_ ë§__ ë¶ì¡±í_.  ifg@__¼ì __ ì±__ê° ____ ë§__ ì§__ ì£¼ì_.ifg@ifg@ _¬´´ì_ ifg@_¬´ ê´¨í_ ê°__ ¤ë__¦´ê»__. ifg@ë§¤ì_ *-*____ __  êµ¬ë§¤_¸° __´ì£¼__ _¬´__. ifg@__ _¬´ ´ì_ __ ì¹´í_ __ µí_ __ ¤ë_ _¦´ê»__.ifg@ifg@ ê¸__ ê¸°ì ifg@ - ê¸__ ¹ì_ ì§ê¸__ __.ifg@ -  **ë§~**ë§ ê· ´ì_ ì¶©ë_ ê°.  ***´ì_ ê°.ifg@ - __ _¬´ë§__ ¨êê° ¤ë¥´ë¯ë¡ ìµ_ _§¤ __ê¸__ *% ~ ìµ_ **% ì±__.ifg@ - ê¾¸ì__ ±ì___ ë¶__ê», ì¶_±ê³¼ê¸ ë³__ ì§ê¸.ifg@ifg@  ì±__ ___fg@ - ê²½ë_ / __ / ì§ ë¬´ê ©ë_.ifg@ - ì£¼ë __ ¬ì_ë¶__ ì¶©ë_ ______!ifg@ - ì´_³´  ¹ì_ ê°¥í___.ifg@ifg@ ì¹´í_ ____ _fg@ifg@ ´ë_  :  ìµ__ë¯ ë§¤ë_     ifg@ ì¹´í_/__ :  [  miny***  ]ifg@ifg@ ë°__ë²__ ë¬¸ì_ë°__ __ ê´ê³__ ____ ë¶_¥í___.ifg@ ë°__ ì¹´í___ µí_ *ì° ____ _¦¬ê²____.ifg@ifg@ ê¸ ifg@ ¤ë_¸í_ë§ __ë© ´ë___ _¬´ê° ©ë_. ifg@ ì±____ ¤ì_**:** ~¤í_**:** ê¹_ ê°¥í___.ifg@ ê¸__ ¹ì_ ì§ê¸__ ë§_¡±__ ë¶__ ë§__, ¸ì__ ë¬¸ì_ì£¼ì_ê¸ ë°____.",ì±__
spam,"_____fg@êµ¬ì_êµ¬ì_ ì±__ ë§¤ë_ ê¹__ ___fg@ifg@¬ì ¨ê_ ¼í_ ´ì_ê°__ ifg@__ ë° ì§__ë¶__ ëª¨ì___ __,__,ifg@i,fg@[ëª¨ì___]ifg@- ì²´í_ ê°__ ë¬¼ë___/ë¬¼ë_ê´ë¦_fg@(__¼ì_ ë§__ ë³´ë_ ¼ê±°ë¦¬ê _£¼ ë§____)ifg@ifg@[ì§__ê²]ifg@- ±ë_ë¬´ê / __ë¬´ê / __ë¬´êifg@- ì£¼ë,¬ì_,__,ì§__,_¦¬__ifg@  (±ì_ ¬ì_ë¶__ °ë©ë_^^)ifg@ifg@ ì¹´ì¹´¤í_ë¬¸ì_ _fg@´ë_: ê¹__ifg@ì¹´í_ ID : kh***ifg@ifg@[ê·¼ë¬´__]ifg@- **~** __ ë³¸ì_ ¬ë_ ê·¼ë¬´__ ê¸°ì_ifg@- __ ê° (ex. **~ **)ifg@- ì£ * + ´ì_ê·¼ë¬´  __ *~* ( * ´ë¬´ ê¸°ì)ifg@- ì£¼ë_/ê³µí_ ê·¼ë¬´ __ ´ë¬´ __ __ ê°_fg@- _£¨ *~* __ ¸í_ ___¬´ ifg@ifg@[ê¸____]ifg@- ë§_·¼ê¸°ì  ìµ_ ê¸__ifg@  (ê¸°ë³¸ê¸ ë° ¸ì_°ë_ __ ë° ì§__ ¬í_)ifg@-  : **~**ë§__ ´ì_ / *ê°__ : ìµ__ ***ë§__ ´ì_~ifg@- ¸ì_°ë_ (_¬´ °ë_ ì°¨ë_ __) :  ***ë§__ ~ ifg@ifg@£ì¹´ __ ì¶_ ë°©ë_ifg@ì¹´í_¤í_ ì¹_µ¬ ëª©ë_ _©´ °ì¸¡ __ ¬ë_ëª¨ì_ °ì_  ì¹´í_ ____ ì¶__¸° °ì_, *:* ì±__ °ì_ ì±__ë¬¸ì_ ë°____. ´ë_ê² ¨ê²¨ ì£¼ì_ë© ì±__ __ _ _¦½ê²____.ifg@ifg@ì§__ê° ë§_ ê´ê³__ __ ¨ê²¨ì£¼ì_ë© ë¹_¥´ê² µë´ë_ë¦¬ê_µë_.ifg@ifg@____ **:**~**:** __",ì±__
spam,"[Webë°__]ifg@____. êµ¬ì_êµ¬ì_ ì±__ ë§¤ë_ ´ì_ __!!ifg@ifg@ ¹ì___ ¨ê_¼í_ ´ì_ê°__ ì§__ë¶__ ëª¨ì_,ê³__,µë_,.ifg@ifg@_ª¨ì§__: ì²´í_ ê°__ ì²´í__¸°ê¸ __ /ë³__ ì£¼ê¸° _¬´, ¬í_ê·¼ë¬´ ê°!!ifg@__«í_ ë§__ ë³´ë_ ¼ê±°ë¦¬ê _£¼ ë§____.ifg@ifg@[ì§__ê²]ifg@- ±ë_ë¬´ê(¬ì_°ë) / __ë¬´ê / __ë¬´êifg@-ì£¼ë / ¬ì_ / __ / ì§__ / _¦¬__ifg@- ´ì_ __ ë¶__¼ë©´ _µ¬ / ë¶ / __ / ê°_fg@ifg@[ê·¼ë¬´__]ifg@**~** __ ë³¸ì_ ¬ë_ ê·¼ë¬´__ ê¸°ì_ifg@(__ ê°. ex) ¤ì_ ** ~ ¤í_* _fg@ì£ *. ´ì_ê·¼ë¬´  __ *~* ( * ´ë¬´ ê¸°ì)ifg@ì£¼ë_/ê³µí_ ê·¼ë¬´ __ ´ë¬´ __ __ ê°_fg@ifg@[ê¸__]ifg@- ë§_·¼ ê¸°ì (* ~ ë§__)  ìµ_ ê¸__ (ê¸°ë³¸ê¸ ë° ¸ì_°ë_ __ ë° ì§__ ¬í_)ifg@-  : *~**ë§__ ´ì_ / *ê°__ : ìµ__ ***ë§__ ´ì_~ifg@- ¸ì_°ë_ (_¬´ °ë_ ì°¨ë_ __) :  ***ë§__ ~ifg@ifg@¹ì_ì§ê¸__ __ ê±´ë_ì§ê¸__ ¸í_ê² ë¬¸ì_ì£¼ì_.ifg@ifg@¶ì_´ë¬¸_ifg@__¹ì_ : ´ì__fg@_¹´ ID: jh***ifg@ifg@ì§__ê° ë§_ ê´ê³__ ë¬¸ì_ ¨ê²¨ì£¼ì_ë© ë¹_¥´ê² µë´ë_ë¦¬ê_µë_.",ì±__
spam,"[Webë°__]ifg@____. ë§¤ë_ ê¹¨ë_ __.ifg@ifg@¬ì ¨ê_ ¼í_ ´ì_ê°__ ifg@__ ë° ì§__ë¶__ ëª¨ì___ __,_f,g@ifg,@[ëª¨ì___]ifg@- ê°__ __ ì²´í_ ë° ê°__ ë¦¬ë·°__/ë¦¬ë·°ê´ë¦ ifg@ifg@[ì§__ê²]ifg@- ±ë_ë¬´ê / __ë¬´ê / __ë¬´êifg@- ì£¼ë,¬ì_,__,ì§__,_¦¬__ifg@  (±ì_ ¬ì_ë¶__ °ë©ë_^^)ifg@ifg@[¹ì_ __ __]ifg@- _£¨ *~* __ ¸í__¬´ ifg@- (*~**ë§__ê¹_ ¹ì_ì§ê¸)ifg@ifg@[ __ë¬¸ì_ ]ifg@__¹ì_ : ê¹¨ë_ifg@https://litt.ly/kakaotalk.comifg@ifg@ifg@ifg@[ê·¼ë¬´__]ifg@* **~** __ ê·¼ë¬´ê°_fg@* __ ê°_fg@* ¨ê¸°/¥ê¸°/¬í_/ë¶ ëª¨ë_ ê°_fg@* _£¨ *~* __ ¸í_ ___¬´ ifg@ifg@ê¸__ __ ì§ __ë¶____ifg@¤íë²__/_¦¬ë°__ ê¸°í_°ì_ ì§_fg@ifg@ì§__ê° ë§_ ê´ê³__ ì¹´ì¹´¤í_ ë¬¸ì_ ¨ê²¨ì£¼ì_ë© ë¹_¥´ê² µë´ë_ë¦¬ê_µë_.ifg@ifg@»ì___ ë²__ ë¬¸ì_ë°__ __´ë©°, __ __ ë¶_ ©ë_.ifg@»ë___ ì¹´í_ __ µí_ *ì° __ __ _¦¬ê²____.ifg@ifg@ __ ¤ì_ **:** ~ ¤í_ **:** ê¹_ ê°_fg@",ì±__
spam,"__ ë§¤ë_ __. ^^ifg@  ifg@¸í_ê² ¬í_ê·¼ë¬´ ê°¥í_ifg@__/ì§__ë¶__ ëª¨ì_ì¤____.ifg@(_°©**ëª ê¸__ê² ëª¨ì_ì¤)ifg@,ifg@,[°ë_,_¬¼¸í_ë°°ì__²´]ifg@ë¬¼ë_ __/ê´ë¦/´í_ifg@ ifg@__/ì§__ ëª¨ì_ì¤____.ifg@´ë_ê±°ë_ ë³µì_ _¬´ __ë©,ifg@¨ì_+ê°__+ë°_³µ _¬´__.ifg@ ifg@_£¨ *-*__ ifg@(*~**ë§__ê¹_ ¹ì_ì§ê¸)ifg@ ifg@[ì¹´ì¹´¤í_ë¬¸ì_]ifg@https://litt.ly/kakaotalk**ifg@(__ ´ì_ ê¸°ë_ ¨ì____)ifg@ ifg@- ë¶/¬ì_/¨ê¸° ê°¥í__fg@- ½ê_+¸í_ê³+ê°__ _¬´ifg@- ¬ë___ __ __ê·¼ë¬´ifg@- ±ë_ë¬´ê/__ë¬´ê/__ë¬´êifg@- ì´_³´__¤ë_ ½ê_ _¬´ê°_fg@- ì£¼ë/¬ì_/_¦¬__ ë¶__ ëª¨ì_ì¤_fg@- ´ì_ê°__ë¶__ ë§_ì§_____fg@ ifg@- ____ **:**~**:** __",ì±__
spam,"____. ifg@[ì§__ëª¨ì_] ë§¤ë_ ê°_ __!!ifg@ ¼ì_ë¦ [êµ¬ì_/ë¶/__] ê° ____ë¶__ ì¢_ __ __ __ì° °ë_ ,¤ì_.,ifg@,ë²__ _¬´ __¼ë_ ¼ì_ ë§__ ë¶ì¡±í_.  ifg@__¼ì __ ì±__ê° ____ ë§__ ì§__ ì£¼ì_.ifg@ifg@ _¬´´ì_ ifg@_¬´ ê´¨í_ ê°__ ¤ë__¦´ê»__. ifg@ë§¤ì_ *-*____ __  êµ¬ë§¤_¸° __´ì£¼__ _¬´__. ifg@__ _¬´ ´ì_ __ ì¹´í_ __ µí_ __ ¤ë_ _¦´ê»__.ifg@ifg@ ê¸__ ê¸°ì ifg@ - ê¸__ ¹ì_ ì§ê¸__ __.ifg@ -  **ë§~**ë§ ê· ´ì_ ì¶©ë_ ê°.  ***´ì_ ê°.ifg@ - __ _¬´ë§__ ¨êê° ¤ë¥´ë¯ë¡ ìµ_ _§¤ __ê¸__ *% ~ ìµ_ **% ì±__.ifg@ - ê¾¸ì__ ±ì___ ë¶__ê», ì¶_±ê³¼ê¸ ë³__ ì§ê¸.ifg@ifg@  ì±__ ___fg@ - ê²½ë_ / __ / ì§ ë¬´ê ©ë_.ifg@ - ì£¼ë __ ¬ì_ë¶__ ì¶©ë_ ______!ifg@ - ì´_³´  ¹ì_ ê°¥í___.ifg@ifg@ ì¹´í_ ____ _fg@ifg@ ´ë_  : ê°_ ë§¤ë_      ifg@ ì¹´í_/__ :  [  gma***  ] ifg@ifg@ ë°__ë²__ ë¬¸ì_ë°__ __ ê´ê³__ ____ ë¶_¥í___.ifg@ ë°__ ì¹´í___ µí_ *ì° ____ _¦¬ê²____.ifg@ifg@ ê¸ ifg@ ¤ë_¸í_ë§ __ë© ´ë___ _¬´ê° ©ë_. ifg@ ì±____ ¤ì_**:** ~¤í_**:** ê¹_ ê°¥í___.ifg@ ê¸__ ¹ì_ ì§ê¸__ ê¸°ì¼ë_ ©ë_.ifg@ __ ´ì_ ê¸°ë_ ¨ì____. ë§_ ë¬¸ì_ ì£¼ì_.",ì±__
spam,"[Webë°__]ifg@____. ifg@[ì§__ëª¨ì_] ë§¤ë_ ì°¨ë __!!ifg@ ¼ì_ë¦ [êµ¬ì_/ë¶/__] ê° ____ë¶__ ì¢_ __ __ ,´ì°¨,°ë_,__.ifg@´ë_ _¬´ __¼ë_ ¼ì_ ë§__ ë¶ì¡±í_.  ifg@__¼ì __ ì±__ê° ____ ë§__ ì§__ ì£¼ì_.ifg@ifg@ _¬´´ì_ ifg@_¬´ ê´¨í_ ê°__ ¤ë__¦´ê»__. ifg@ ¼í_ëª°ì_ ë§¤ì_ *~*____  __´ì£¼_©´ ©ë_. ifg@__ _¬´ ´ì_ __ ì¹´í_ __ µí_ __ ¤ë_ _¦´ê»__.ifg@ifg@ ê¸__ ê¸°ì ifg@ - ê¸__ ¹ì_ ì§ê¸__ __.ifg@ -  **ë§~**ë§ ê· ´ì_ ì¶©ë_ ê°.  ***´ì_ ê°.ifg@ - __ _¬´ë§__ ¨êê° ¤ë¥´ë¯ë¡ ìµ_ _§¤ __ê¸__ *% ~ ìµ_ **% ì±__.ifg@ - ê¾¸ì__ ±ì___ ë¶__ê», ì¶_±ê³¼ê¸ ë³__ ì§ê¸.ifg@ifg@  ì±__ ___fg@ - ê²½ë_ / __ / ì§ ë¬´ê ©ë_.ifg@ - ì£¼ë __ ¬ì_ë¶__ ì¶©ë_ ______!ifg@ - ì´_³´  ¹ì_ ê°¥í___.ifg@ifg@ ì¹´í_ ____ _fg@ifg@ ´ë_  :  ì°¨ë ë§¤ë_     ifg@ ì¹´í_/__ :  [  mm**  ]ifg@ifg@ ë°__ë²__ ë¬¸ì_ë°__ __ ê´ê³__ ____ ë¶_¥í___.ifg@ ë°__ ì¹´í___ µí_ *ì° ____ _¦¬ê²____.ifg@ifg@ ê¸ ifg@ ¤ë_¸í_ë§ __ë© ´ë___ _¬´ê° ©ë_. ifg@ ì±____ ¤ì_**:** ~¤í_**:** ê¹_ ê°¥í___.ifg@ ê¸__ ¹ì_ ì§ê¸__ ê¸°ì¼ë_ ©ë_.ifg@ __ ´ì_ ê¸°ë_ ¨ì____. ë§_ ë¬¸ì_ ì£¼ì_.",ì±__
spam,"[Webë°__]ifg@__ê¸°ì_ ê°_¸° ì¡°ì___ê³, *__ ë°__¸ì_.ifg@____. _ ì¢_ _³´ë§ _³µ _¦¬ ´ì_ì£ ë§¤ë_ __ ^,^ifg@,´ë_,ì§__ ì¶©ì_¼ë_ ì±__ê° ____  ëª¨ì___ __.!ifg@ê°____ ____ ¼ì_, ë§_ ë¶__ ë¬¸ì_ ì£¼ì_.! ifg@ifg@ _¬´´ì_ ifg@_¬´ ê´¨í_ ê°__ ¤ë__¦´ê»__. ifg@ ¼í_ëª°ì_ *~*____ __ ì£¼ì_ë© ©ë_.ifg@__ _¬´ ´ì_ ì¹´í_ µí_ ë¬¸ì_ ì£¼ì_ë©, ì¹____ __ _¦´ê»__.ifg@ifg@ ê¸__ ê¸°ì ifg@ - ê¸__ ¹ì_ ì§ê¸ __ifg@ -  **ë§__~ **ë§__ ê· ´ì_ ì¶©ë_ ê° /  ***ë§__ ´ì_ ê°_fg@ - _¬´ë§__ ¨êê° ¤ë¥´ë¯ë¡, ìµ_ _§¤ __ê¸__ *% ~ ìµ_ **% ì±__ifg@ - ê¾¸ì__ ±ì___ ë¶__ê», ì¶_ ±ê³¼ê¸ ë³__ ì§ê¸_fg@ifg@  ì±__ ___fg@ - ê²½ë_. __, ì§ ë¬´ê  /  ì´_³´ ê° ifg@ - ì£¼ë __ ¬ì_ë¶__ ì¶©ë_ ______!ifg@ ifg@ ì¹´í___ __ifg@ifg@ ´ë_  :  ´ì_ì£ ë§¤ë_      ifg@ ì¹´í_ ID :   yunz***ifg@ifg@ ë°__ë²__ ë¬¸ì_ë°__ __ ê´ê³__ ____ ë¶_¥í___.ifg@ ë°__ ì¹´í___ µí_, ì±____ ë¬¸ì_ ê°¥í___.ifg@ifg@ ê¸ ifg@ ¤ë_¸í_ë§ __ë© ´ë___ _¬´ê° ©ë_. . ifg@ ì±____ ¤ì_**:** ~¤í_**:** ê¹_ ê°¥í___.ifg@ ê¸__ ¹ì_ ì§ê¸__ ë§_¡±__ ë¶__ ë§__, ¸ì__ ë¬¸ì_ì£¼ì_ê¸ ë°____.",ì±__
spam,"[Webë°__]ifg@____. ifg@[ì§__ëª¨ì_] ë§¤ë_ ê¹¤ì __!!ifg@ ¼ì_ë¦ [êµ¬ì_/ë¶/__] ê° ____ë¶__ ì¢_ __ __ ,´ì°¨,°ë_,__.ifg@´ë_ _¬´ __¼ë_ ¼ì_ ë§__ ë¶ì¡±í_.  ifg@__¼ì __ ì±__ê° ____ ë§__ ì§__ ì£¼ì_.ifg@ifg@ _¬´´ì_ ifg@_¬´ ê´¨í_ ê°__ ¤ë__¦´ê»__. ifg@ë§¤ì_ *-*____ __  êµ¬ë§¤_¸° __´ì£¼__ _¬´__. ifg@__ _¬´ ´ì_ __ ì¹´í_ __ µí_ __ ¤ë_ _¦´ê»__.ifg@ifg@ ê¸__ ê¸°ì ifg@ - ê¸__ ¹ì_ ì§ê¸__ __.ifg@ -  **ë§~**ë§ ê· ´ì_ ì¶©ë_ ê°.  ***´ì_ ê°.ifg@ - __ _¬´ë§__ ¨êê° ¤ë¥´ë¯ë¡ ìµ_ _§¤ __ê¸__ *% ~ ìµ_ **% ì±__.ifg@ - ê¾¸ì__ ±ì___ ë¶__ê», ì¶_±ê³¼ê¸ ë³__ ì§ê¸.ifg@ifg@  ì±__ ___fg@ - ê²½ë_ / __ / ì§ ë¬´ê ©ë_.ifg@ - ì£¼ë __ ¬ì_ë¶__ ì¶©ë_ ______!ifg@ - ì´_³´  ¹ì_ ê°¥í___.ifg@ifg@ ì¹´í_ ____ _fg@ifg@ ´ë_  : ê¹¤ì ë§¤ë_      ifg@ ì¹´í_/__ :  [  wlgns****  ] ifg@ifg@ ë°__ë²__ ë¬¸ì_ë°__ __ ê´ê³__ ____ ë¶_¥í___.ifg@ ë°__ ì¹´í___ µí_ *ì° ____ _¦¬ê²____.ifg@ifg@ ê¸ ifg@ ¤ë_¸í_ë§ __ë© ´ë___ _¬´ê° ©ë_. ifg@ ì±____ ¤ì_**:** ~¤í_**:** ê¹_ ê°¥í___.ifg@ ê¸__ ¹ì_ ì§ê¸__ ë§_¡±__ ë¶__ ë§__, ¸ì__ ë¬¸ì_ì£¼ì_ê¸ ë°____.",ì±__
spam,"_¸í_¸ì_ __ ê´__ ____ __ ©ì_ ifg@            (ì§__. ëª¨ì_) ëª¨ë___ ë³´ì_ê³_²°___.!ifg@ë¶__. ¬ì_,__,.ë¶,__ ¬ì_ ê¸°ì_ ê¸°ì_ifg@.ê³__ ë°__ì¢____.ifg@ ê±°ì_ ´ì_ ì´_ê° ë²__¹ì_ ê³__ë°__ «í_ifg@_ ¤í_¤í_ ì£¼í_ ë¯¸í_ ë°____ ë°___©´ë°____ifg@____ ë¬¸ì_ ifg@*** ê·¸ë___ ë° ê³__ ifg@ ¡í___,  ´ë_ì£¼ë __ .©ì_ê²_²©ifg@¡ë_¸ë __.**¼ë_fg@ ´ë_. __¬ì_ ë¶ ´ì_ ifg@_ª¨¸í_°ì_ ì£¼ì_ifg@    __ __êµ __ ***-* ë²_ifg@__,  ¬ì_¬ë  ë¬¸ì_ __ __ì£¼ì_ë© ê°___¦½__.ifg@_¬¸ : ì¹__ µë _¦¬ê²____",ì±__
spam,"[Webë°__]ifg@____. ifg@ì§__ëª¨ì_ ë§¤ë_ ´ë __.!!ifg@ì¢_ ¼ì_ë¦ __ __ __ °ë___.ifg@ì£¼ì_ / ë¶ ëª¨ë_,ê°,__,ì±__ê° __, ê¼¼ê¼¼ ë¶__ ë§__ ì§__ ì£¼ì_.ifg@ifg@ _¬´´ì_ ifg@_¬´ ê´¨í_ ê°__ ¤ë__¦´ê»__. ifg@ë§¤ì_ *-*____ ì§__ _¦° __  êµ¬ë§¤_¸° __´ì£¼__ _¬´__. ifg@__ _¬´ ´ì_ __ ì¹´í_ __ µí_ __ ¤ë_ _¦´ê»__.ifg@ifg@ ê¸__ ê¸°ì ifg@ - ê¸__ ¹ì_ ì§ê¸__ __.ifg@ -  **ë§~**ë§ ê· ´ì_ ì¶©ë_ ê°. (***´ì_)ifg@ - __ _¬´ë§__ ¨êê° ¤ë¥´ë¯ë¡ ìµ_ _§¤ __ê¸__ *% ~ ìµ_ **% ì±__.ifg@ - ê¾¸ì__ ±ì___ ë¶__ê», ì¶_±ê³¼ê¸ ë³__ ì§ê¸.ifg@ifg@  ì±__ ___fg@ - ê²½ë_/ __/ ì§ ë¬´ê.ifg@ - ì£¼ë __ ¬ì_ë¶__ ì¶©ë_ __ __.!ifg@ - ì´_³´ ¹ì_ ê°.ifg@ifg@ ì¹´í_ ____ _fg@ifg@ ´ë_  :  ´ë ë§¤ë_     ifg@ ì¹´í_/__ :  [  akwk**  ]ifg@ifg@ __ë²__ ë¬¸ì_ë°__ __ ê´ê³__ ____ ë¶_¥í___.ifg@ ë°__ ì¹´í___ µí_ *ì° ____ _¦¬ê²____.ifg@ifg@ ê¸ ifg@ ¤ë_¸í_ë§ __ë© ´ë___ _¬´ê° ©ë_. ifg@ ì±____ ¤ì_**:** ~¤í_**:** ê¹_ ê°¥í___.ifg@ ê¸__ ¹ì_ ì§ê¸__ ê¸°ì¼ë_ ©ë_.ifg@ __ ´ì_ ê¸°ë_ ¨ì____. ë§_ ë¬¸ì_ ì£¼ì_.[M*]",ì±__
spam,"[Webë°__]ifg@____. ¼ì_ë¦ ì±__ ë§¤ë_ <´ì_> __!!ifg@ifg@ ¹ì___ ¨ê_¼í_ ´ì_ê°__ ì§__ë¶__ ëª¨ì_,ê³__,µë_,.ifg@ifg@_ª¨ì§__: ì²´í_ ê°__ ì²´í__¸°ê¸ __ /ë³__ ì£¼ê¸° _¬´, ¬í_ê·¼ë¬´ ê°!!ifg@__«í_ ë§__ ë³´ë_ ¼ê±°ë¦¬ê _£¼ ë§____.ifg@ifg@[ì§__ê²]ifg@- ±ë_ë¬´ê(¬ì_°ë) / __ë¬´ê / __ë¬´êifg@-ì£¼ë / ¬ì_ / __ / ì§__ / _¦¬__ifg@- ´ì_ __ ë¶__¼ë©´ _µ¬ / ë¶ / __ / ê° ifg@ifg@[ê·¼ë¬´__]ifg@**~** __ ë³¸ì_ ¬ë_ ê·¼ë¬´__ ê¸°ì_ifg@(__ ê°. ex) ¤ì_ ** ~ ¤í_* _fg@ì£ *. ´ì_ê·¼ë¬´  __ *~* ( * ´ë¬´ ê¸°ì)ifg@ì£¼ë_/ê³µí_ ê·¼ë¬´ __ ´ë¬´ __ __ ê°_fg@ifg@[ê¸__]ifg@- ë§_·¼ ê¸°ì (* ~ ë§__)  ìµ_ ê¸__ (ê¸°ë³¸ê¸ ë° ¸ì_°ë_ __ ë° ì§__ ¬í_)ifg@-  : *~**ë§__ ´ì_ / *ê°__ : ìµ__ ***ë§__ ´ì_~ifg@- ¸ì_°ë_ (_¬´ °ë_ ì°¨ë_ __) :  ***ë§__ ~ ifg@ifg@¹ì_ì§ê¸__ __ ê±´ë_ì§ê¸__ ¸í_ê² ë¬¸ì_ì£¼ì_.ifg@ifg@¶ì_´ë¬¸_ifg@__¹ì_ : ´ì__fg@_¹´ ID:sy***ifg@ifg@ì§__ê° ë§_ ê´ê³__ ë¬¸ì_ ¨ê²¨ì£¼ì_ë© ë¹_¥´ê² µë´ë_ë¦¬ê_µë_.ifg@",ì±__
spam,"[Webë°__]ifg@____. êµ¬ì_êµ¬ì_ ì±__ ë§¤ë_ ê¹ë¯¼ì_ __!!ifg@ifg@ ¹ì___ ¨ê_¼í_ ´ì_ê°__ ì§__ë¶__ ëª¨ì_,ê³__,µë_,.ifg@ifg@_ª¨ì§__: ì²´í_ ê°__ ì²´í__¸°ê¸ __ /ë³__ ì£¼ê¸° _¬´, ¬í_ê·¼ë¬´ ê°!!ifg@__«í_ ë§__ ë³´ë_ ¼ê±°ë¦¬ê _£¼ ë§____.ifg@ifg@[ì§__ê²]ifg@- ±ë_ë¬´ê(¬ì_°ë) / __ë¬´ê / __ë¬´êifg@-ì£¼ë / ¬ì_ / __ / ì§__ / _¦¬__ifg@- ´ì_ __ ë¶__¼ë©´ _µ¬ / ë¶ / __ / ê° ifg@ifg@[ê·¼ë¬´__]ifg@**~** __ ë³¸ì_ ¬ë_ ê·¼ë¬´__ ê¸°ì_ifg@(__ ê°. ex) ¤ì_ ** ~ ¤í_* _fg@ì£ *. ´ì_ê·¼ë¬´  __ *~* ( * ´ë¬´ ê¸°ì)ifg@ì£¼ë_/ê³µí_ ê·¼ë¬´ __ ´ë¬´ __ __ ê°_fg@ifg@[ê¸__]ifg@- ë§_·¼ ê¸°ì (* ~ ë§__)  ìµ_ ê¸__ (ê¸°ë³¸ê¸ ë° ¸ì_°ë_ __ ë° ì§__ ¬í_)ifg@-  : *~**ë§__ ´ì_ / *ê°__ : ìµ__ ***ë§__ ´ì_~ifg@- ¸ì_°ë_ (_¬´ °ë_ ì°¨ë_ __) :  ***ë§__ ~ ifg@ifg@¹ì_ì§ê¸__ __ ê±´ë_ì§ê¸__ ¸í_ê² ë¬¸ì_ì£¼ì_.ifg@ifg@¶ì_´ë¬¸_ifg@__¹ì_ : ê¹ë¯¼ì_ifg@_¹´ ID:citi***ifg@ifg@ì§__ê° ë§_ ê´ê³__ ë¬¸ì_ ¨ê²¨ì£¼ì_ë© ë¹_¥´ê² µë´ë_ë¦¬ê_µë_.",ì±__
spam,"[Webë°__]ifg@____. ifg@[ì§__ëª¨ì_] ë§¤ë_ ê¶_ __!!ifg@ ¼ì_ë¦ [êµ¬ì_/ë¶/__] ê° ____ë¶__ ì¢_ __ __ ,´ì°¨,°ë_,__.ifg@´ë_ _¬´ __¼ë_ ¼ì_ ë§__ ë¶ì¡±í_.  ifg@__¼ì __ ì±__ê° ____ ë§__ ì§__ ì£¼ì_.ifg@ifg@ _¬´´ì_ ifg@_¬´ ê´¨í_ ê°__ ¤ë__¦´ê»__. ifg@ë§¤ì_ *-*____ __  êµ¬ë§¤_¸° __´ì£¼__ _¬´__. ifg@__ _¬´ ´ì_ __ ì¹´í_ __ µí_ __ ¤ë_ _¦´ê»__.ifg@ifg@ ê¸__ ê¸°ì ifg@ - ê¸__ ¹ì_ ì§ê¸__ __.ifg@ -  **ë§~**ë§ ê· ´ì_ ì¶©ë_ ê°.  ***´ì_ ê°.ifg@ - __ _¬´ë§__ ¨êê° ¤ë¥´ë¯ë¡ ìµ_ _§¤ __ê¸__ *% ~ ìµ_ **% ì±__.ifg@ - ê¾¸ì__ ±ì___ ë¶__ê», ì¶_±ê³¼ê¸ ë³__ ì§ê¸.ifg@ifg@  ì±__ ___fg@ - ê²½ë_ / __ / ì§ ë¬´ê ©ë_.ifg@ - ì£¼ë __ ¬ì_ë¶__ ì¶©ë_ ______!ifg@ - ì´_³´  ¹ì_ ê°¥í___.ifg@ifg@ ì¹´í_ ____ _fg@ifg@ ´ë_  :  ê¶_ ë§¤ë_     ifg@ ì¹´í_/__ :  [  pgn***  ]ifg@ifg@ __ë²__ ë¬¸ì_ë°__ __ ê´ê³__ ë°____ ë¶_¥í___.ifg@ ë°__ ì¹´í___ µí_ *ì° ____ _¦¬ê²____.ifg@ifg@ ê¸ ifg@ ¤ë_¸í_ë§ __ë© ´ë___ _¬´ê° ©ë_. ifg@ ì±____ ¤ì_**:** ~¤í_**:** ê¹_ ê°¥í___.ifg@ ê¸__ ¹ì_ ì§ê¸__ ê¸°ì¼ë_ ©ë_.ifg@ __ ´ì_ ê¸°ë_ ¨ì____. ë§_ ë¬¸ì_ ì£¼ì_.",ì±__
spam,"[Webë°__]ifg@____. êµ¬ì_êµ¬ì_ ì±__ ë§¤ë_ ê³_³µ __!!ifg@ifg@ ¹ì___ ¨ê_¼í_ ´ì_ê°__ ì§__ë¶__ ëª¨ì_,ê³__,µë_,.ifg@ifg@_ª¨ì§__: ì²´í_ ê°__ ì²´í__¸°ê¸ __ /ë³__ ì£¼ê¸° _¬´, ¬í_ê·¼ë¬´ ê°!!ifg@__«í_ ë§__ ë³´ë_ ¼ê±°ë¦¬ê _£¼ ë§____.ifg@ifg@[ì§__ê²]ifg@- ±ë_ë¬´ê(¬ì_°ë) / __ë¬´ê / __ë¬´êifg@-ì£¼ë / ¬ì_ / __ / ì§__ / _¦¬__ifg@- ´ì_ __ ë¶__¼ë©´ _µ¬ / ë¶ / __ / ê° ifg@ifg@[ê·¼ë¬´__]ifg@**~** __ ë³¸ì_ ¬ë_ ê·¼ë¬´__ ê¸°ì_ifg@(__ ê°. ex) ¤ì_ ** ~ ¤í_* _fg@ì£ *. ´ì_ê·¼ë¬´  __ *~* ( * ´ë¬´ ê¸°ì)ifg@ì£¼ë_/ê³µí_ ê·¼ë¬´ __ ´ë¬´ __ __ ê°_fg@ifg@[ê¸__]ifg@- ë§_·¼ ê¸°ì (* ~ ë§__)  ìµ_ ê¸__ (ê¸°ë³¸ê¸ ë° ¸ì_°ë_ __ ë° ì§__ ¬í_)ifg@-  : *~**ë§__ ´ì_ / *ê°__ : ìµ__ ***ë§__ ´ì_~ifg@- ¸ì_°ë_ (_¬´ °ë_ ì°¨ë_ __) :  ***ë§__ ~ ifg@ifg@¹ì_ì§ê¸__ __ ê±´ë_ì§ê¸__ ¸í_ê² ë¬¸ì_ì£¼ì_.ifg@ifg@¶ì_´ë¬¸_ifg@-´ë_: ê³_³µ _fg@-ì¹´í_/__: k****ifg@ifg@ì§__ê° ë§_ ê´ê³__ ë¬¸ì_ ¨ê²¨ì£¼ì_ë© ë¹_¥´ê² µë´ë_ë¦¬ê_µë_.ifg@",ì±__
spam,"[Webë°__]ifg@__ê¸°ì_ ê°_¸° ì¡°ì___ê³, *__ ë°__¸ì_.ifg@____. _ ì¢_ _³´ë§ _³µ _¦¬ ´ì_ë¦ ë§¤ë_ __ ^,^ifg@,´ë_,ì§__ ì¶©ì_¼ë_ ì±__ê° ____  ëª¨ì___ __.!ifg@ê°____ ____ ¼ì_, ë§_ ë¶__ ë¬¸ì_ ì£¼ì_.! ifg@ifg@ _¬´´ì_ ifg@_¬´ ê´¨í_ ê°__ ¤ë__¦´ê»__. ifg@ ¼í_ëª°ì_ *~*____ __ ì£¼ì_ë© ©ë_.ifg@__ _¬´ ´ì_ ì¹´í_ µí_ ë¬¸ì_ ì£¼ì_ë©, ì¹____ __ _¦´ê»__.ifg@ifg@ ê¸__ ê¸°ì ifg@ - ê¸__ ¹ì_ ì§ê¸ __ifg@ -  **ë§__~ **ë§__ ê· ´ì_ ì¶©ë_ ê° /  ***ë§__ ´ì_ ê°_fg@ - _¬´ë§__ ¨êê° ¤ë¥´ë¯ë¡, ìµ_ _§¤ __ê¸__ *% ~ ìµ_ **% ì±__ifg@ - ê¾¸ì__ ±ì___ ë¶__ê», ì¶_ ±ê³¼ê¸ ë³__ ì§ê¸_fg@ifg@  ì±__ ___fg@ - ê²½ë_. __, ì§ ë¬´ê  /  ì´_³´ ê° ifg@ - ì£¼ë __ ¬ì_ë¶__ ì¶©ë_ ______!ifg@ ifg@ ì¹´í___ __ifg@ifg@ ´ë_  : ´ì_ë¦ ë§¤ë_    ifg@ ì¹´í_ ID :  han********ifg@ifg@ ë°__ë²__ ë¬¸ì_ë°__ __ ê´ê³__ ____ ë¶_¥í___.ifg@ ë°__ ì¹´í___ µí_, ì±____ ë¬¸ì_ ê°¥í___.ifg@ifg@ ê¸ ifg@ ¤ë_¸í_ë§ __ë© ´ë___ _¬´ê° ©ë_. . ifg@ ì±____ ¤ì_**:** ~¤í_**:** ê¹_ ê°¥í___.ifg@ ê¸__ ¹ì_ ì§ê¸__ ë§_¡±__ ë¶__ ë§__, ¸ì__ ë¬¸ì_ì£¼ì_ê¸ ë°____.",ì±__
spam,"____ (ì£)__´ëHR ¸ì_ __.ifg@ifg@[ê¸°ë³¸__ __ ê°__ __ ±ì___ë¶ _·¹°ë]ifg@ifg@********(__,),ë¶,ë° ¬í_ ëª¨ì_ì¤__ __´ì_ ì°¸ê___ ë§_ °ë_ ë¶__ë¦½ë_.ifg@ifg@__ë¡_ NEW ¨ì___ ¤í_ (ì£)__´ë__ ì¶_ __¼ë_ ¸í_ ì§__ë¶__ ëª¨ì_©ë_.ifg@ifg@ __ ë§¤ì_ ¬ì___ **ë¶ ´ì_ __, ±ì___ ì£¼ì_ì§ _¬´__ ____  __ë© ê°¥í___.ifg@ifg@ ¨ê¸°or¥ê¸° ëª¨ë_ ê°¥í_ë©, ±ì___ ´ì_ ¼í___ ì§__ë¶__ê²__   °ëë¥ _¦½__.ifg@ifg@ ¬ëë³´í_ ___ _¸°, ë¶__ë¡__ ê°¥í_ ë§_ ê´¬ê³¼ ë¬¸ì_ ë¶__ë¦½ë_.ifg@ifg@ __ê³ ¥ì_ë¥ ê°ë¦¬ì __   _¸° ¸í_ê² ë¬¸ì_ì£¼ì_ë© ì¢__µë_.ifg@ifg@ _¬´ ë° ì¡°ê±´´ì_ifg@ifg@- ì±__ ¼ì_ : **. **() ~ **. **(ëª) **:** ê¹_.ifg@- ì±__  : __, ì£¼ë, ì·¨ì_ ì¤ë¹__, _¦¬__  _µ¬ ê°_fg@- ì±__ ¸ì_ : __ *ëª ëª¨ì_ ì¤_fg@- __ __ : ** ´ì_ ëª¨ë_ ¨ë~(ë¯¸ì___ ì£__©ë_)ifg@- ê·¼ë¬´ ¼ì_ : ì£*(__~ê¸__)ifg@- ê·¼ë¬´ __ : *__ ~ *__(ë³¸ì_ __ ë§_¶° _¬´ë°°ì_)ifg@- ê·¼ë¬´ ¥ì_ : ¥ì_ë¬´ê(¸ì_ ´ë___ ê°¥í___)ifg@- ê·¼ë¬´ __ : ê³__ì§(ë³__ __x, ¬ëë³´í_ ë¯¸ì_)ifg@- _¬´ ë°©ë_ : °ë_ì£¼ì_ë© __ _¦¬ê²____.ifg@- ê¸__ ë³µì : ¼ë_ **,***(¹ì___ __) - ¸ì_°ë_ ë³__ifg@(¥ê¸°ê·¼ì_ ¬ì_ - ëª__, __, ¬ë¦¬¤ë_, ê°__ ê¸°ë_ __ê¶ __ _¬¼ ì§ê¸!)ifg@ifg@[ __ ë¬¸ì_ ]ifg@(ì£)__´ëifg@-__°ê²° : https://tny.kr/neam_chatsd*ifg@(ì¹´í_´ê¸°-ì±__ì¶_-ë©__ì§ë³´ë_ê¸)ifg@ifg@ì§_¬¸_ ë§_ ê´ê³__ ´ë __ ë¶___,  ì±__ ë§__ë¡ ì§__ì£¼ì_ê¸ ë°____.ifg@ifg@ ¬ì_/ê¸°ê _³´ê° __ (__)´ëë¡ ____ê³ ¸í_ê² ë¬¸ì_ ë°____.ifg@ ê¸ ê¸ ½ì_ì£¼ì_ ê°__©ë_. ´ë_ _¬´ ´ë_´ì_ __ì§ë§, ì±__ê°__ __ ë¶ ì§ ë°____.ifg@ifg@*¸ì_ ´ë___ ¸í_ê³ ê°____ ê¸____  __ ë§_ ì§ ë¶__ë¦½ë_.ifg@*ì§__ê° ë§__ __ *:**~**:** ¬ì_ë¡ __¦¬ê³ __ ì°¸ê_ ë¶__ë¦½ë_.ifg@*´ë_ ë²__ ë°____ ë²__´ëë¡ µí_ ë¶__©°, ì±__ ë§__ ´ë¦­__ ì±__ ì¶_  °ë_ ì£¼ì_ë© ©ë_.",ì±__
spam,"____. ifg@[ì§__ëª¨ì_] ë§¤ë_ ´ì_ì£ __!!ifg@ ¼ì_ë¦ [êµ¬ì_/ë¶/__] ê° ____ë¶__ ì¢_ __ __ __ì° °ë_ ,¤ì_.,ifg@,ë²__ _¬´ __¼ë_ ¼ì_ ë§__ ë¶ì¡±í_.  ifg@__¼ì __ ì±__ê° ____ ë§__ ì§__ ì£¼ì_.ifg@ifg@ _¬´´ì_ ifg@_¬´ ê´¨í_ ê°__ ¤ë__¦´ê»__. ifg@ ¼í_ëª°ì_ ë§¤ì_ *~*____  __´ì£¼_©´ ©ë_. ifg@__ _¬´ ´ì_ __ ì¹´í_ __ µí_ __ ¤ë_ _¦´ê»__.ifg@ifg@ ê¸__ ê¸°ì ifg@ - ê¸__ ¹ì_ ì§ê¸__ __.ifg@ -  **ë§~**ë§ ê· ´ì_ ì¶©ë_ ê°.  ***´ì_ ê°.ifg@ - __ _¬´ë§__ ¨êê° ¤ë¥´ë¯ë¡ ìµ_ _§¤ __ê¸__ *% ~ ìµ_ **% ì±__.ifg@ - ê¾¸ì__ ±ì___ ë¶__ê», ì¶_±ê³¼ê¸ ë³__ ì§ê¸.ifg@ifg@  ì±__ ___fg@ - ê²½ë_ / __ / ì§ ë¬´ê ©ë_.ifg@ - ì£¼ë __ ¬ì_ë¶__ ì¶©ë_ ______!ifg@ - ì´_³´  ¹ì_ ê°¥í___.ifg@ifg@ ì¹´í_ ____ _fg@ifg@ ´ë_  : ´ì_ì£ ë§¤ë_      ifg@ ì¹´í_/__ :  [  psy****  ]ifg@ifg@ ë°__ë²__ ë¬¸ì_ë°__ __ ê´ê³__ ____ ë¶_¥í___.ifg@ ë°__ ì¹´í___ µí_ *ì° ____ _¦¬ê²____.ifg@ifg@ ê¸ ifg@ ¤ë_¸í_ë§ __ë© ´ë___ _¬´ê° ©ë_. ifg@ ì±____ ¤ì_**:** ~¤í_**:** ê¹_ ê°¥í___.ifg@ ê¸__ ¹ì_ ì§ê¸__ ê¸°ì¼ë_ ©ë_.ifg@ __ ´ì_ ê¸°ë_ ¨ì____. ë§_ ë¬¸ì_ ì£¼ì_.",ì±__
spam,"[Webë°__]ifg@____. êµ¬ì_êµ¬ì_ ì±__ ë§¤ë_ ìµ__ __!!ifg@ifg@ ¹ì___ ¨ê_¼í_ ´ì_ê°__ ì§__ë¶__ ëª¨ì_,ê³__,µë_,.ifg@ifg@_ª¨ì§__: ì²´í_ ê°__ ì²´í__¸°ê¸ __ /ë³__ ì£¼ê¸° _¬´, ¬í_ê·¼ë¬´ ê°!!ifg@__«í_ ë§__ ë³´ë_ ¼ê±°ë¦¬ê _£¼ ë§____.ifg@ifg@[ì§__ê²]ifg@- ±ë_ë¬´ê(¬ì_°ë) / __ë¬´ê / __ë¬´êifg@-ì£¼ë / ¬ì_ / __ / ì§__ / _¦¬__ifg@- ´ì_ __ ë¶__¼ë©´ _µ¬ / ë¶ / __ / ê° ifg@ifg@[ê·¼ë¬´__]ifg@**~** __ ë³¸ì_ ¬ë_ ê·¼ë¬´__ ê¸°ì_ifg@(__ ê°. ex) ¤ì_ ** ~ ¤í_* _fg@ì£ *. ´ì_ê·¼ë¬´  __ *~* ( * ´ë¬´ ê¸°ì)ifg@ì£¼ë_/ê³µí_ ê·¼ë¬´ __ ´ë¬´ __ __ ê°_fg@ifg@[ê¸__]ifg@- ë§_·¼ ê¸°ì (* ~ ë§__)  ìµ_ ê¸__ (ê¸°ë³¸ê¸ ë° ¸ì_°ë_ __ ë° ì§__ ¬í_)ifg@-  : *~**ë§__ ´ì_ / *ê°__ : ìµ__ ***ë§__ ´ì_~ifg@- ¸ì_°ë_ (_¬´ °ë_ ì°¨ë_ __) :  ***ë§__ ~ ifg@ifg@¹ì_ì§ê¸__ __ ê±´ë_ì§ê¸__ ¸í_ê² ë¬¸ì_ì£¼ì_.ifg@ifg@¶ì_´ë¬¸_ifg@__¹ì_ : ìµ___fg@_¹´ ID:cy***ifg@ifg@ì§__ê° ë§_ ê´ê³__ ë¬¸ì_ ¨ê²¨ì£¼ì_ë© ë¹_¥´ê² µë´ë_ë¦¬ê_µë_.",ì±__
spam,"____. ifg@[ì§__ëª¨ì_] ë§¤ë_ ´ì_ì£ __!!ifg@ ¼ì_ë¦ [êµ¬ì_/ë¶/__] ê° ____ë¶__ ì¢_ __ __ __ì° °ë_ ,¤ì_.,ifg@,ë²__ _¬´ __¼ë_ ¼ì_ ë§__ ë¶ì¡±í_.  ifg@__¼ì __ ì±__ê° ____ ë§__ ì§__ ì£¼ì_.ifg@ifg@ _¬´´ì_ ifg@_¬´ ê´¨í_ ê°__ ¤ë__¦´ê»__. ifg@ ¼í_ëª°ì_ ë§¤ì_ *~*____  __´ì£¼_©´ ©ë_. ifg@__ _¬´ ´ì_ __ ì¹´í_ __ µí_ __ ¤ë_ _¦´ê»__.ifg@ifg@ ê¸__ ê¸°ì ifg@ - ê¸__ ¹ì_ ì§ê¸__ __.ifg@ -  **ë§~**ë§ ê· ´ì_ ì¶©ë_ ê°.  ***´ì_ ê°.ifg@ - __ _¬´ë§__ ¨êê° ¤ë¥´ë¯ë¡ ìµ_ _§¤ __ê¸__ *% ~ ìµ_ **% ì±__.ifg@ - ê¾¸ì__ ±ì___ ë¶__ê», ì¶_±ê³¼ê¸ ë³__ ì§ê¸.ifg@ifg@  ì±__ ___fg@ - ê²½ë_ / __ / ì§ ë¬´ê ©ë_.ifg@ - ì£¼ë __ ¬ì_ë¶__ ì¶©ë_ ______!ifg@ - ì´_³´  ¹ì_ ê°¥í___.ifg@ifg@ ì¹´í_ ____ _fg@ifg@ ´ë_  :  ´ì_ì£ ë§¤ë_     ifg@ ì¹´í_/__ :  [  yunz***  ]ifg@ifg@ ë°__ë²__ ë¬¸ì_ë°__ __ ê´ê³__ ____ ë¶_¥í___.ifg@ ë°__ ì¹´í___ µí_ *ì° ____ _¦¬ê²____.ifg@ifg@ ê¸ ifg@ ¤ë_¸í_ë§ __ë© ´ë___ _¬´ê° ©ë_. ifg@ ì±____ ¤ì_**:** ~¤í_**:** ê¹_ ê°¥í___.ifg@ ê¸__ ¹ì_ ì§ê¸__ ë§_¡±__ ë¶__ ë§__, ¸ì__ ë¬¸ì_ì£¼ì_ê¸ ë°____.",ì±__
spam,"____. ¤ë_ *__ ì²«ì§¸ __¼ì_¤ì_.ifg@* __ ë°__¸ì_.ifg@ì¢_ _³´ë§ _³µ _¦¬ ´ì_ì£ ë§¤ë_ __ ^^ifg,@´ë_, ì§, ì¶©ì_¼ë_, ê°____ ____ë¡ ê·¼ë¬´ __ë¶ ¤ì_ ëª¨ì_______.~!!ifg@´ë_´ì_ __ì§ë§, ì±__ê°__ __ ë¶ ì§__ ì£¼ì_. ifg@ifg@ _¬´´ì_ ifg@_¬´ ê´¨í_ ê°__ ¤ë__¦´ê»__. ifg@ ¼í_ëª°ì_ *~*____ __ ì£¼ì_ë© ©ë_.ifg@__ _¬´ ´ì_ ì¹´í_ µí_ ë¬¸ì_ ì£¼ì_ë©, ì¹____ __ _¦´ê»__.ifg@ifg@ ê¸__ ê¸°ì ifg@ - ê¸__ ¹ì_ ì§ê¸__ __¼ë_ ©ë_.ifg@ -  **ë§~**ë§ ê· ´ì_ ì¶©ë_ ê°¥í___. *** ´ì_ ê°¥í___.ifg@ - __ _¬´ë§__ ¨êê° ¤ë¥´ë¯ë¡ ìµ_ _§¤ __ê¸__ *% ~ ìµ_**% ì±__ ____.ifg@ - ê¾¸ì__ ±ì___ ë¶__ê», ì¶_±ê³¼ê¸  ë³__ë¡ ì§ê¸ ´ë_ë¦¬ê_ ____.ifg@ifg@  ì±__ ___fg@ - ê²½ë_.__  / ì§ ë¬´ê©ë_.ifg@ - ì£¼ë __ ¬ì_ë¶__ ì¶©ë_ ______!ifg@ - ì´_³´  ¹ì_ ê°¥í___.ifg@ifg@ ì¹´í___ __ifg@ifg@ ´ë_  :  ´ì_ì£ ë§¤ë_      ifg@ ì¹´í_ ID :   yunz***ifg@ifg@ ë°__ë²__ ë¬¸ì_ë°__ __ ê´ê³__ ____ ë¶_¥í___.ifg@ ë°__ ì¹´í___ µí_, ì±____ __¦¬ê²____.ifg@ifg@ ê¸ ifg@ ¤ë_¸í_ë§ __ë© ´ë___ _¬´ê° ©ë_. . ifg@ ì±____ ¤ì_**:** ~¤í_**:** ê¹_ ê°¥í___.ifg@ ê¸__ ¹ì_ ì§ê¸__ ë§_¡±__ ë¶__ ë§__, ¸ì__ ë¬¸ì_ì£¼ì_ê¸ ë°____.",ì±__
spam,"____. ifg@[ì§__ëª¨ì_] ë§¤ë_ ìµ__ë¯ __!!ifg@ ¼ì_ë¦ [êµ¬ì_/ë¶/__] ê° ____ë¶__ ì¢_ __ __ __ì° °ë_ ,¤ì_.,ifg@,ë²__ _¬´ __¼ë_ ¼ì_ ë§__ ë¶ì¡±í_.  ifg@__¼ì __ ì±__ê° ____ ë§__ ì§__ ì£¼ì_.ifg@ifg@ _¬´´ì_ ifg@_¬´ ê´¨í_ ê°__ ¤ë__¦´ê»__. ifg@ë§¤ì_ *-*____ __  êµ¬ë§¤_¸° __´ì£¼__ _¬´__. ifg@__ _¬´ ´ì_ __ ì¹´í_ __ µí_ __ ¤ë_ _¦´ê»__.ifg@ifg@ ê¸__ ê¸°ì ifg@ - ê¸__ ¹ì_ ì§ê¸__ __.ifg@ -  **ë§~**ë§ ê· ´ì_ ì¶©ë_ ê°.  ***´ì_ ê°.ifg@ - __ _¬´ë§__ ¨êê° ¤ë¥´ë¯ë¡ ìµ_ _§¤ __ê¸__ *% ~ ìµ_ **% ì±__.ifg@ - ê¾¸ì__ ±ì___ ë¶__ê», ì¶_±ê³¼ê¸ ë³__ ì§ê¸.ifg@ifg@  ì±__ ___fg@ - ê²½ë_ / __ / ì§ ë¬´ê ©ë_.ifg@ - ì£¼ë __ ¬ì_ë¶__ ì¶©ë_ ______!ifg@ - ì´_³´  ¹ì_ ê°¥í___.ifg@ifg@ ì¹´í_ ____ _fg@ifg@ ´ë_  :  ìµ__ë¯ ë§¤ë_     ifg@ ì¹´í_/__ :  [  miny***  ]ifg@ifg@ ë°__ë²__ ë¬¸ì_ë°__ __ ê´ê³__ ____ ë¶_¥í___.ifg@ ë°__ ì¹´í___ µí_ *ì° ____ _¦¬ê²____.ifg@ifg@ ê¸ ifg@ ¤ë_¸í_ë§ __ë© ´ë___ _¬´ê° ©ë_. ifg@ ì±____ ¤ì_**:** ~¤í_**:** ê¹_ ê°¥í___.ifg@ ê¸__ ¹ì_ ì§ê¸__ ê¸°ì¼ë_ ©ë_.ifg@ __ ´ì_ ê¸°ë_ ¨ì____. ë§_ ë¬¸ì_ ì£¼ì_.",ì±__
spam,"____. ifg@[ì§__ëª¨ì_] ë§¤ë_ ê¹¤ì __!!ifg@ ¼ì_ë¦ [êµ¬ì_/ë¶/__] ê° ____ë¶__ ì¢_ __ __ __ì° °ë_ ,¤ì_.,ifg@,ë²__ _¬´ __¼ë_ ¼ì_ ë§__ ë¶ì¡±í_.  ifg@__¼ì __ ì±__ê° ____ ë§__ ì§__ ì£¼ì_.ifg@ifg@ _¬´´ì_ ifg@_¬´ ê´¨í_ ê°__ ¤ë__¦´ê»__. ifg@ë§¤ì_ *-*____ __  êµ¬ë§¤_¸° __´ì£¼__ _¬´__. ifg@__ _¬´ ´ì_ __ ì¹´í_ __ µí_ __ ¤ë_ _¦´ê»__.ifg@ifg@ ê¸__ ê¸°ì ifg@ - ê¸__ ¹ì_ ì§ê¸__ __.ifg@ -  **ë§~**ë§ ê· ´ì_ ì¶©ë_ ê°.  ***´ì_ ê°.ifg@ - __ _¬´ë§__ ¨êê° ¤ë¥´ë¯ë¡ ìµ_ _§¤ __ê¸__ *% ~ ìµ_ **% ì±__.ifg@ - ê¾¸ì__ ±ì___ ë¶__ê», ì¶_±ê³¼ê¸ ë³__ ì§ê¸.ifg@ifg@  ì±__ ___fg@ - ê²½ë_ / __ / ì§ ë¬´ê ©ë_.ifg@ - ì£¼ë __ ¬ì_ë¶__ ì¶©ë_ ______!ifg@ - ì´_³´  ¹ì_ ê°¥í___.ifg@ifg@ ì¹´í_ ____ _fg@ifg@ ´ë_  : ê¹¤ì ë§¤ë_      ifg@ ì¹´í_/__ :  [  wlgns****  ] ifg@ifg@ ë°__ë²__ ë¬¸ì_ë°__ __ ê´ê³__ ____ ë¶_¥í___.ifg@ ë°__ ì¹´í___ µí_ *ì° ____ _¦¬ê²____.ifg@ifg@ ê¸ ifg@ ¤ë_¸í_ë§ __ë© ´ë___ _¬´ê° ©ë_. ifg@ ì±____ ¤ì_**:** ~¤í_**:** ê¹_ ê°¥í___.ifg@ ê¸__ ¹ì_ ì§ê¸__ ê¸°ì¼ë_ ©ë_.ifg@ __ ´ì_ ê¸°ë_ ¨ì____. ë§_ ë¬¸ì_ ì£¼ì_.",ì±__
spam,"____. ¤ë_ ì¦_±° _£¨ ë³´ë_¸ì_.ifg@ê¸°ë_ì¢_ _³´ë§ _³µ _¦¬ ¤ì_ _³µ ë§¤ë_ __ ^^ifg@´ë_ ì§__ ì¶©ì_¼ë_,, ê°,¸í_ê³,____ë¡ ë¶__¤ë_ ¤ì_ ëª¨ì_______.~!!ifg@´ë_´ì_ __ì§ë§, ì±__ê°__ __ ë¶ ì§__ ì£¼ì_. ifg@ifg@ _¬´´ì_ ifg@_¬´ ê´¨í_ ê°__ ¤ë__¦´ê»__. ifg@ ¼í_ëª°ì_ *~*____ êµ¬ë§¤ _¸° __´ì£¼_©´ ©ë_.ifg@__ _¬´ ´ì_ ì¹´í_ µí_ ë¬¸ì_ ì£¼ì_ë©, ì¹____ __ _¦´ê»__.ifg@ifg@ ê¸__ ê¸°ì ifg@ - ê¸__ ¹ì_ ì§ê¸__ __¼ë_ ©ë_.ifg@ -  **ë§~**ë§ ê· ´ì_ ì¶©ë_ ê°¥í___. *** ´ì_ ê°¥í___.ifg@ - __ _¬´ë§__ ¨êê° ¤ë¥´ë¯ë¡ ìµ_ _§¤ __ê¸__ *% ~ *% ì±__ ____.ifg@ - ê¾¸ì__ ±ì___ ë¶__ê», ì¶_±ê³¼ê¸  ë³__ë¡ ì§ê¸ ´ë_ë¦¬ê_ ____.ifg@ifg@  ì±__ ___fg@ - ê²½ë_.__ / ì§ ë¬´ê©ë_.ifg@ - ì£¼ë __ ¬ì_ë¶__ ì¶©ë_ ______!ifg@ - ì´_³´  ¹ì_ ê°¥í___.ifg@ifg@ ì¹´í_____ _fg@ifg@ ´ë_  :  ¤ì_    ë§¤ë_ifg@ ì¹´í_ ID :  songyi*ifg@ifg@ ë°__ë²__ ë¬¸ì_ë°__ __ ê´ê³__ ____ ë¶_¥í___.ifg@ ë°__ ì¹´í___ µí_, ì±____ __¦¬ê²____.ifg@ifg@ ê¸ ifg@ ¤ë_¸í_ë§ __ë© ´ë___ _¬´ê° ©ë_. . ifg@ ì±____ ¤ì_**:** ~¤í_**:** ê¹_ ê°¥í___.ifg@ ê¸__ ¹ì_ ì§ê¸__ ë§_¡±__ ë¶__ ë§__, ¸ì__ ë¬¸ì_ì£¼ì_ê¸ ë°____.",ì±__
spam,"____. ifg@[ì§__ëª¨ì_]  ë§¤ë_ ê°__ë§ __!!ifg@ ¼ì_ë¦ [êµ¬ì_/ë¶/__] ê° ____ë¶__ ì¢_ __ __ __ì° °ë_ ,¤ì_,.ifg@,´ë_ _¬´ __¼ë_ ¼ì_ ë§__ ë¶ì¡±í_.  ifg@__¼ì __ ì±__ê° ____ ë§__ ì§__ ì£¼ì_.ifg@ifg@ _¬´´ì_ ifg@_¬´ ê´¨í_ ê°__ ¤ë__¦´ê»__. ifg@ë§¤ì_ *-*____ __  êµ¬ë§¤_¸° __´ì£¼__ _¬´__. ifg@__ _¬´ ´ì_ __ ì¹´í_ __ µí_ __ ¤ë_ _¦´ê»__.ifg@ifg@ ê¸__ ê¸°ì ifg@ - ê¸__ ¹ì_ ì§ê¸__ __.ifg@ -  **ë§~**ë§ ê· ´ì_ ì¶©ë_ ê°.  ***´ì_ ê°.ifg@ - __ _¬´ë§__ ¨êê° ¤ë¥´ë¯ë¡ ìµ_ _§¤ __ê¸__ *% ~ ìµ_ **% ì±__.ifg@ - ê¾¸ì__ ±ì___ ë¶__ê», ì¶_±ê³¼ê¸ ë³__ ì§ê¸.ifg@ifg@  ì±__ ___fg@ - ê²½ë_ / __ / ì§ ë¬´ê ©ë_.ifg@ - ì£¼ë __ ¬ì_ë¶__ ì¶©ë_ ______!ifg@ - ì´_³´  ¹ì_ ê°¥í___.ifg@ifg@ ì¹´í_ ____ _fg@   ifg@ ´ë_  : ê°__ë§ ë§¤ë_      ifg@ ì¹´í_/__ :  [  ura***  ] ifg@ifg@ __ë²__ ë¬¸ì_ë°__ __ ê´ê³__ ë°____ ë¶_¥í___.ifg@ ë°__ ì¹´í___ µí_ *ì° ____ _¦¬ê²____.ifg@ifg@ ê¸ ifg@ ¤ë_¸í_ë§ __ë© ´ë___ _¬´ê° ©ë_. ifg@ ì±____ ¤ì_**:** ~¤í_**:** ê¹_ ê°¥í___.ifg@ ê¸__ ¹ì_ ì§ê¸__ ê¸°ì¼ë_ ©ë_.ifg@ __ ´ì_ ê¸°ë_ ¨ì____. ë§_ ë¬¸ì_ ì£¼ì_.",ì±__
spam,"<<__/ì§__/ë¶ ëª¨ì_©ë_>>ifg@ifg@____ ê¹_ ë§¤ë___.ifg@ifg@¼í_ëª ê´ __ ë¶!ifg@ifg@ì§__/ì»¤í_/¬í_ , ,__, ¸í_ __ *-*__ __  __ë© ____.ifg@ ifg@<_²©ì¡°ê±´>ifg@__ : ë§ ** ´ì_ifg@±ë_ : ë¬´êifg@¤ë_¸í_ ¬ì_ê°¥í_ ë¶ (ì´_³´__ ê°)ifg@ifg@ê¸__:(¹ì_ì§ê¸) _£¨ *ë§__-**ë§__  ***´ì_ ifg@___±° °ë_ _£¨ ¼ë_ ¬ë_ì§__ ____ .ifg@ifg@<ì§_°©ë²>ifg@-ì¹´ì¹´¤í_IDì¶_ : DD***ifg@ifg@ì§_¬¸_ ë§_ ê´ê³__ ´ë°ë¬¸ __ ___ ____ ì¹´ì¹´¤í_IDë¡ ì§__ì£¼ì_ê¸ ë°____.",ì±__
spam,"[Webë°__]ifg@____. ifg@ì§__ëª¨ì_ ë§¤ë_ ì°¨ë __.!!ifg@ì¢_ ¼ì_ë¦ __ __ __ °ë___.ifg@ì£¼ì_ / ë¶ ëª¨ë_,ê°,__,ì±__ê° __, ê¼¼ê¼¼ ë¶__ ë§__ ì§__ ì£¼ì_.ifg@ifg@ _¬´´ì_ ifg@_¬´ ê´¨í_ ê°__ ¤ë__¦´ê»__. ifg@ ¼í_ëª°ì_ ë§¤ì_ *~*____  __´ì£¼_©´ ©ë_. ifg@__ _¬´ ´ì_ __ ì¹´í_ __ µí_ __ ¤ë_ _¦´ê»__.ifg@ifg@ ê¸__ ê¸°ì ifg@ - ê¸__ ¹ì_ ì§ê¸__ __.ifg@ -  **ë§~**ë§ ê· ´ì_ ì¶©ë_ ê°. (***´ì_)ifg@ - __ _¬´ë§__ ¨êê° ¤ë¥´ë¯ë¡ ìµ_ _§¤ __ê¸__ *% ~ ìµ_ **% ì±__.ifg@ - ê¾¸ì__ ±ì___ ë¶__ê», ì¶_±ê³¼ê¸ ë³__ ì§ê¸.ifg@ifg@  ì±__ ___fg@ - ê²½ë_/ __/ ì§ ë¬´ê.ifg@ - ì£¼ë __ ¬ì_ë¶__ ì¶©ë_ __ __.!ifg@ - ì´_³´ ¹ì_ ê°.ifg@ ifg@ ì¹´í_ ____ _fg@ifg@ ´ë_  : ì°¨ë ë§¤ë_    ifg@ ì¹´í_ ID :  [  mm**  ]   ifg@ifg@ ê¸ ifg@ ¤ë_¸í_ë§ __ë© ´ë___ _¬´ê° ©ë_. ifg@ ì±____ ¤ì_**:** ~¤í_**:** ê¹_ ê°¥í___.ifg@ ê¸__ ¹ì_ ì§ê¸__ ê¸°ì¼ë_ ©ë_.ifg@ __ ´ì_ ê¸°ë_ ¨ì____. ë§_ ë¬¸ì_ ì£¼ì_.ifg@ifg@ __ë²__ ë¬¸ì_ë°__ __ ê´ê³__. ë°__ ì¹´í_´ë_, __ë¬¸ì_ __ë¥ µí_ ì±____ __¦¬ê²____.",ì±__
spam,"____. êµ¬ì_êµ¬ì_ ì±__ ë§¤ë_ ´í_ë¯ __!!ifg@ifg@ ¹ì___ ¨ê_¼í_ ´ì_ê°__ ì§__ë¶__ ëª¨ì_______.i,fg@if,g@_ª¨,ì§__: ì²´í_ ê°__ ì²´í__¸°ê¸ __ /ë³__ ì£¼ê¸° _¬´, ¬í_ê·¼ë¬´ ê°!!ifg@__«í_ ë§__ ë³´ë_ ¼ê±°ë¦¬ê _£¼ ë§____.ifg@ifg@[ì§__ê²]ifg@- ±ë_ë¬´ê(¬ì_°ë) / __ë¬´ê / __ë¬´êifg@-ì£¼ë / ¬ì_ / __ / ì§__ / _¦¬__ifg@- ´ì_ __ ë¶__¼ë©´ _µ¬ / ë¶ / __ / ê°_fg@ifg@[ê·¼ë¬´__]ifg@**~** __ ë³¸ì_ ¬ë_ ê·¼ë¬´__ ê¸°ì_ifg@(__ ê°. ex) ¤ì_ ** ~ ¤í_* _fg@ì£ *. ´ì_ê·¼ë¬´  __ *~* ( * ´ë¬´ ê¸°ì)ifg@ì£¼ë_/ê³µí_ ê·¼ë¬´ __ ´ë¬´ __ __ ê°_fg@ifg@[ê¸__]ifg@- ë§_·¼ ê¸°ì (* ~ ë§__)  ìµ_ ê¸__ (ê¸°ë³¸ê¸ ë° ¸ì_°ë_ __ ë° ì§__ ¬í_)ifg@-  : *~**ë§__ ´ì_ / *ê°__ : ìµ__ ***ë§__ ´ì_~ifg@- ¸ì_°ë_ (_¬´ °ë_ ì°¨ë_ __) :  ***ë§__ ~ifg@ifg@¹ì_ì§ê¸__ __ ê±´ë_ì§ê¸__ ¸í_ê² ë¬¸ì_ì£¼ì_.ifg@ifg@¶ì_´ë¬¸_ifg@__¹ì_  : ´í_ë¯_fg@_¹´ ID : aa***ifg@ifg@ì§__ê° ë§_ ê´ê³__ ë¬¸ì_ ¨ê²¨ì£¼ì_ë© ë¹_¥´ê² µë´ë_ë¦¬ê_µë_.",ì±__
spam,"____.ifg@ifg@¼ì_ë¦ ì°¾ê¸° ë§__ ____?ifg@ê·¼ë¬´ __ ë¹__ __ __ ¸ì_ê°?ifg@ifg@ [ê·¸ë_´ë]ë¡ ¤ì_.i,fg@if,g@[ê·,__ë¯] HR(¸ì_)__ ì§__ ëª¨ì_ __ê¸ ê°____ ë§_ _¦¬ê²____.ifg@ifg@- __ ¸ë_ë³´ë_ ê±°ë___ ë§_ ê´ê³__ ì§__ë¶__ ëª¨ì___ ____.ifg@- ¬ì_ _¬´¼ë_ _²½°ê_ ´ì___ ¼í_ì£¼ì_ ë¶__ë© ì¢__µë_.ifg@- ìµ____ ê¸°ë³¸__ __ ê°__ê³ °ë_ ì£¼ì_ê¸ ë°____.ifg@ifg@*. ì²____ê±°ë_ ì´_³´ ë¶__ ½ê_ __  ____.ifg@*. __, ì£¼ë, ì·¨ì_ ì¤ë¹__  ëª¨ë___ ìµ__ ì§__ _³µifg@*. ë³¸ì_ __ë§__ __ ë°____ __ ì§__ifg@*. ¬ëë³´í_ ë¯¸ì_©ì_ë¡ ë¶ ë° ¬í___ë¡ ê°_fg@ifg@- ëª¨ì_  : __, ì£¼ë, ì·¨ì_ ì¤ë¹__, _¦¬__  _µ¬ ê°_fg@- __ __ : ** ´ì_ ëª¨ë_ ¨ë~(ë¯¸ì___ ì£__©ë_)ifg@- ê·¼ë¬´ ¼ì_ : ì£*(__~ê¸__)ifg@- ê·¼ë¬´ __ : *__ ~ *__(ë³¸ì_ __ ë§_¶° _¬´ë°°ì_)ifg@- ê·¼ë¬´ ¥ì_ : ¥ì_ë¬´ê(¸ì_ ´ë___ ê°¥í___)ifg@- ¬ë ë³´í_ : ë¯¸ì__fg@- _¬´ ë°©ë_ : °ë_ì£¼ì_ë© __ _¦¬ê²____.ifg@- ê¸       : ¼ë_ ***,*** +@(¹ì___ __)ifg@ifg@[ __ ë¬¸ì_ ]ifg@-- ¤ì_ê°__ : https://goo.su/BKi**ifg@(URLë§__ ´ë¦­ > ì±__¼ë_ ë¬¸ì__¸° ´ë¦­)ifg@ifg@ ê¸ ê¸ ½ì_ì£¼ì_ ê°__©ë_. ´ë_ _¬´ ´ë_´ì_ __ì§ë§, ì±__ê°__ __ ë¶ ì§ ë°____.ifg@ifg@*¸ì_ ´ë___ ¸í_ê³ ê°____ ê¸____  __ ë§_ ì§ ë¶__ë¦½ë_.ifg@*ì§__ê° ë§__ __ *:**~**:** ¬ì_ë¡ __¦¬ê³ __ ì°¸ê_ ë¶__ë¦½ë_.ifg@*µí___ ë§__ °ê²° ì§°ë_ ê²½ì_ ì±__ ì¶___ °ë_ __ë© ©ë_.ifg@",ì±__
spam,"¸ì__¦¬ê²____.ifg@[¼ì__ª°] ì±__ë¶  _ ë§¤ë_ __.ifg@ifg@[¼ì__ª°]__ ___¦½__.ifg@- __ ¸ë_ë³´ë_ ê±°ë_,__,ë§_,ê´ê³__ êµ¬ì_ ê³µê_ ë¬¸ì_ __ _¦½__.ifg@- ìµ____ ê¸°ë³¸__ __ ê°__ ë¶__ë© ì¢__µë_.ifg@ifg@*. ì²____ê±°ë_ ì´_³´ ë¶__ ½ê_ __  ____.ifg@*. __, ì£¼ë, ì·¨ì_ ì¤ë¹__  ëª¨ë___ ìµ__ ì§__ _³µifg@*. ë³¸ì_ __ë§__ __ ë°____ __ ì§__ifg@*. ¬ëë³´í_ ë¯¸ì_©ì_ë¡ ë¶ ë° ¬í___ë¡ ê°_fg@ifg@- ëª¨ì_  : __, ì£¼ë, ì·¨ì_ ì¤ë¹__, _¦¬__  _µ¬ ê°_fg@- __ __ : ** ´ì_ ëª¨ë_ ¨ë~(ë¯¸ì___ ì£__©ë_)ifg@- ê·¼ë¬´ ¼ì_ : ì£*(__~ê¸__)ifg@- ê·¼ë¬´ __ : *__ ~ *__(ë³¸ì_ __ ë§_¶° _¬´ë°°ì_)ifg@- ê·¼ë¬´ ¥ì_ : ¥ì_ë¬´ê(¸ì_ ´ë___ ê°¥í___)ifg@- ¬ë ë³´í_ : ë¯¸ì__fg@- _¬´ ë°©ë_ : °ë_ì£¼ì_ë© __ _¦¬ê²____.ifg@- ê¸       : ¼ë_ ***,*** +@(¹ì___ __)ifg@ifg@[ __ ë¬¸ì_ ]ifg@-ì¹´ì¹´¤í_IDì¶_ : mwh**ifg@(ì¹_µ¬ëª©ë_ ¤ë¥¸ìª  ¬ë_ëª¨ì_ __ ´ë¦­>____ ì¶_>ì¹_µ¬ì¶_  ¼ë ë¬¸ì_ë¡ ±í_ ¨ê²¨ì£¼ì_ë© __  ë¹_¥´ê² __ __¦¬ê²____.)ifg@ifg@ ê¸ ê¸ ½ì_ì£¼ì_ ê°__©ë_. ´ë_ _¬´ ´ë_´ì_ __ì§ë§, ì±__ê°__ __ ë¶ ì§ ë°____.ifg@ifg@*¸ì_ ´ë___ ¸í_ê³ ê°____ ê¸____  __ ë§_ ì§ ë¶__ë¦½ë_.ifg@*ì§__ê° ë§__ __ *:**~**:** ¬ì_ë¡ __¦¬ê³ __ ì°¸ê_ ë¶__ë¦½ë_.ifg@*µí___ ë§__ °ê²° ì§°ë_ ê²½ì_ ì¹´ì¹´¤í_IDë¥ ì¶___ °ë_ __ë© ©ë_.",ì±__
spam,"[Webë°__]ifg@____. * ê¸°ë_ì¢_ _£¼ ____ê³,´ë_ ¬ë_ ë°__¸ì_.ifg@ì¢_ _³´ë§ _³µ _¦¬ ê¹ë¯¼ì_ ë§¤ë_ __,^^if,g@´ë_, ì§__ ì¶©ì_¼ë_, ê°____ ____ë¡ ê·¼ë¬´ __ë¶ ¤ì_ ëª¨ì_______.~!!ifg@´ë_´ì_ __ì§ë§, ì±__ê°__ __ ë¶ ì§__ ì£¼ì_. ifg@ifg@ _¬´´ì_ ifg@_¬´ ê´¨í_ ê°__ ¤ë__¦´ê»__. ifg@ ¼í_ëª°ì_ *~*____ __ ì£¼ì_ë© ©ë_.ifg@__ _¬´ ´ì_ ì¹´í_ µí_ ë¬¸ì_ ì£¼ì_ë©, ì¹____ __ _¦´ê»__.ifg@ifg@ ê¸__ ê¸°ì ifg@ - ê¸__ ¹ì_ ì§ê¸__ __¼ë_ ©ë_.ifg@ -  **ë§~**ë§ ê· ´ì_ ì¶©ë_ ê°¥í___. *** ´ì_ ê°¥í___.ifg@ - __ _¬´ë§__ ¨êê° ¤ë¥´ë¯ë¡ ìµ_ _§¤ __ê¸__ *% ~ ìµ_**% ì±__ ____.ifg@ - ê¾¸ì__ ±ì___ ë¶__ê», ì¶_±ê³¼ê¸  ë³__ë¡ ì§ê¸ ´ë_ë¦¬ê_ ____.ifg@ifg@  ì±__ ___fg@ - ê²½ë_.__ / ì§ ë¬´ê©ë_.ifg@ - ì£¼ë __ ¬ì_ë¶__ ì¶©ë_ ______!ifg@ - ì´_³´  ¹ì_ ê°¥í___.ifg@ifg@ ì¹´í___ __ifg@ifg@ ´ë_ : ê¹ë¯¼ì_ ë§¤ë_ ifg@ ì¹´í_ ID : uu*** ifg@ifg@ ë°__ë²__ ë¬¸ì_ë°__ __ ê´ê³__ ____ ë¶_¥í___.ifg@ ë°__ ì¹´í___ µí_, ì±____ __¦¬ê²____.ifg@ifg@ ê¸ ifg@ ¤ë_¸í_ë§ __ë© ´ë___ _¬´ê° ©ë_. . ifg@ ì±____ ¤ì_**:** ~¤í_**:** ê¹_ ê°¥í___.ifg@ ê¸__ ¹ì_ ì§ê¸__ ë§_¡±__ ë¶__ ë§__, ¸ì__ ë¬¸ì_ì£¼ì_ê¸ ë°____.",ì±__
spam,"____. êµ¬ì_êµ¬ì_ ì±__ ë§¤ë_ __ì§ __!!ifg@ifg@ ¹ì___ ¨ê_¼í_ ´ì_ê°__ ì§__ë¶__ ëª¨ì_______.i,fg@if,g@_ª¨,ì§__: ì²´í_ ê°__ ì²´í__¸°ê¸ __ /ë³__ ì£¼ê¸° _¬´, ¬í_ê·¼ë¬´ ê°!!ifg@__«í_ ë§__ ë³´ë_ ¼ê±°ë¦¬ê _£¼ ë§____.ifg@ifg@[ì§__ê²]ifg@- ±ë_ë¬´ê(¬ì_°ë) / __ë¬´ê / __ë¬´êifg@-ì£¼ë / ¬ì_ / __ / ì§__ / _¦¬__ifg@- ´ì_ __ ë¶__¼ë©´ _µ¬ / ë¶ / __ / ê° ifg@ifg@[ê·¼ë¬´__]ifg@**~** __ ë³¸ì_ ¬ë_ ê·¼ë¬´__ ê¸°ì_ifg@(__ ê°. ex) ¤ì_ ** ~ ¤í_* _fg@ì£ *. ´ì_ê·¼ë¬´  __ *~* ( * ´ë¬´ ê¸°ì)ifg@ì£¼ë_/ê³µí_ ê·¼ë¬´ __ ´ë¬´ __ __ ê°_fg@ifg@[ê¸__]ifg@- ë§_·¼ ê¸°ì (* ~ ë§__)  ìµ_ ê¸__ (ê¸°ë³¸ê¸ ë° ¸ì_°ë_ __ ë° ì§__ ¬í_)ifg@-  : *~**ë§__ ´ì_ / *ê°__ : ìµ__ ***ë§__ ´ì_~ifg@- ¸ì_°ë_ (_¬´ °ë_ ì°¨ë_ __) :  ***ë§__ ~ ifg@ifg@¹ì_ì§ê¸__ __ ê±´ë_ì§ê¸__ ¸í_ê² ë¬¸ì_ì£¼ì_.ifg@ifg@¶ì_´ë¬¸_ifg@ ´ë_  : __ì§ ë§¤ë_      ifg@ ì¹´í_ ID : tt***ifg@ifg@ì§__ê° ë§_ ê´ê³__ ë¬¸ì_ ¨ê²¨ì£¼ì_ë© ë¹_¥´ê² µë´ë_ë¦¬ê_µë_.",ì±__
spam,"____. ifg@[ì§__ëª¨ì_] ë§¤ë_ ê¹ë¯¸ì_ __!!ifg@ ¼ì_ë¦ [êµ¬ì_/ë¶/__] ê° ____ë¶__ ì¢_ __ __ __ì° °ë_ ,¤ì_.,ifg@,ë²__ _¬´ __¼ë_ ¼ì_ ë§__ ë¶ì¡±í_.  ifg@__¼ì __ ì±__ê° ____ ë§__ ì§__ ì£¼ì_.ifg@ifg@ _¬´´ì_ ifg@_¬´ ê´¨í_ ê°__ ¤ë__¦´ê»__. ifg@ë§¤ì_ *-*____ __  êµ¬ë§¤_¸° __´ì£¼__ _¬´__. ifg@__ _¬´ ´ì_ __ ì¹´í_ __ µí_ __ ¤ë_ _¦´ê»__.ifg@ifg@ ê¸__ ê¸°ì ifg@ - ê¸__ ¹ì_ ì§ê¸__ __.ifg@ -  **ë§~**ë§ ê· ´ì_ ì¶©ë_ ê°.  ***´ì_ ê°.ifg@ - __ _¬´ë§__ ¨êê° ¤ë¥´ë¯ë¡ ìµ_ _§¤ __ê¸__ *% ~ ìµ_ **% ì±__.ifg@ - ê¾¸ì__ ±ì___ ë¶__ê», ì¶_±ê³¼ê¸ ë³__ ì§ê¸.ifg@ifg@  ì±__ ___fg@ - ê²½ë_ / __ / ì§ ë¬´ê ©ë_.ifg@ - ì£¼ë __ ¬ì_ë¶__ ì¶©ë_ ______!ifg@ - ì´_³´  ¹ì_ ê°¥í___.ifg@ifg@ ì¹´í_ ____ _fg@ifg@ ´ë_  : ê¹ë¯¸ì_ ë§¤ë_      ifg@ ì¹´í_/__ :  [  wwe***  ] ifg@ifg@ ë°__ë²__ ë¬¸ì_ë°__ __ ê´ê³__ ____ ë¶_¥í___.ifg@ ë°__ ì¹´í___ µí_ *ì° ____ _¦¬ê²____.ifg@ifg@ ê¸ ifg@ ¤ë_¸í_ë§ __ë© ´ë___ _¬´ê° ©ë_. ifg@ ì±____ ¤ì_**:** ~¤í_**:** ê¹_ ê°¥í___.ifg@ ê¸__ ¹ì_ ì§ê¸__ ê¸°ì¼ë_ ©ë_.ifg@ __ ´ì_ ê¸°ë_ ¨ì____. ë§_ ë¬¸ì_ ì£¼ì_.",ì±__
spam,"_¸´ê¸_µ¬¸ì_´â_ifg@ifg@____ _ë¦¬ì_ __ ifg@ifg@ ¼í_ëª°ê³¼ ¨ê_ __ ì°¸ì_ ¸ì_ë¥ ëª¨ì_©ë__fg@ifg@»ëª¨ì§__,ë§__,__,ì§!!ifg@»ìê¸__ ìµ_ë³´ì_ ifg@»ì_ ìµ__ **ë§ ´ì_ ´ë_ __ ë³¸ì_ __ ë§__ ë²__ê°__ (__+ ¸ì_°ë_+a)  __¤â_fg@ifg@__¥ì__£¼ë¶__ë¦¬ë_______ ì§__ __ __ ë¬´ê__ _£¨ *~*__ ¬ì_ë§__¼ë_ ¬ì_´ë_ë© _µ¬ ____ ê³__ê² ¬ì_ _¥´ë°__ ___fg@ifg@ì§__ ë³´ë_  ë§__ ë²__ê°__ __ ´ê __ __ __ ¥ì_ ´ë_ ¸ë_ __ë§ __ë© __ __ ¼ì___ ifg@ifg@ê°____ __ë°_¸° ì¹´ì¹´¤í_ ¤í_ °ì¸¡__ +¬ë_ëª¨ì_ ´ë¦¬  ____ ì¶__¸°  *:* __ê¸ ´ë¦­ ´ë___ ë©__ì§ ¨ê¸°_©´ ì¹____ __ ë°__¤ì_ ____ ifg@ifg@-ì¹´ì¹´¤í_ ì¶__¸°ifg@-__ hk*** << ì¹_µ¬ì¶_ifg@ifg@-ì¹´ì¹´¤í_ ì¶__¸°ifg@-__ hk*** << ì¹_µ¬ì¶_ifg@ifg@»ë¬¸ __ë²__ __ ë¶_ ë²____  ì¹´ì¹´¤í_ ¼ë_ ë¬¸ì_ ì£¼ì_ë© __¬ê ì§__ °ê²° ê° ©ë_ ë§_ ë¬¸ì_ ë¶__ë¦½ë_ ê°__©ë_¤â",ì±__
spam,"[Webë°__]ifg@_____fg@êµ¬ì_êµ¬ì_ ì±__ ë§¤ë_ __ ___fg@ifg@¬ì ¨ê_ ¼í_ ´ì_ê°___fg@__ ë° ì§__ë¶__,ëª¨ì_,ê³ ,µë__fg@ifg@[ëª¨ì___]ifg@- ì²´í_ ê°__ ë¬¼ë___/ë¬¼ë_ê´ë¦_fg@(__¼ì_ ë§__ ë³´ë_ ¼ê±°ë¦¬ê _£¼ ë§____)ifg@ifg@[ì§__ê²]ifg@- ±ë_ë¬´ê / __ë¬´ê / __ë¬´êifg@- ì£¼ë,¬ì_,__,ì§__,_¦¬__ifg@  (±ì_ ¬ì_ë¶__ °ë©ë_^^)ifg@ifg@ ì¹´ì¹´¤í_ë¬¸ì_ _fg@https://litt.ly/kakaotalk_**ifg@(__ ´ì_ ê¸°ë_ ¨ì____)ifg@ifg@[ê·¼ë¬´__]ifg@- **~** __ ë³¸ì_ ¬ë_ ê·¼ë¬´__ ê¸°ì_ifg@- __ ê° (ex. **~ **)ifg@- ì£ * + ´ì_ê·¼ë¬´  __ *~* ( * ´ë¬´ ê¸°ì)ifg@- ì£¼ë_/ê³µí_ ê·¼ë¬´ __ ´ë¬´ __ __ ê°_fg@- _£¨ *~* __ ¸í_ ___¬´ifg@ifg@[ê¸____]ifg@- ë§_·¼ê¸°ì  ìµ_ ê¸__ifg@  (ê¸°ë³¸ê¸ ë° ¸ì_°ë_ __ ë° ì§__ ¬í_)ifg@-  : **~**ë§__ ´ì_ / *ê°__ : ìµ__ ***ë§__ ´ì_~ifg@- ¸ì_°ë_ (_¬´ °ë_ ì°¨ë_ __) :  ***ë§__ ~ifg@ifg@ì§__ê° ë§_ ê´ê³__ __ ¨ê²¨ì£¼ì_ë© ë¹_¥´ê² µë´ë_ë¦¬ê_µë_.ifg@ifg@____ **:**~**:** __",ì±__
spam,"[Webë°__]ifg@[êµ¬ë_/¨ëë¬´ê/____/ë³µì å¤] __ ¤í_ _¬¸ê¸°ì_ '¨ì_¸í_´ë_' ¨ì_ CSì§ ì±__ (_£¨ **ì½__)ifg@¤ì_,__,ì§,´ë³´ ë¶____ '¨ì__±í______'ë¡ ë¬¸ì_ ì£¼ì_. (ê°__´ë_ ë° __ ê°)ifg@ifg@__¤í___ë¸ fastfive.co.krifg@_µ­ __ ê³µì_¤í_ _¬¸ê¸°ì_ifg@ifg@* ê·¸ë£¹¨ì_ _£¨ ¬ì_ ê³__ __ _ (_£¨ **ì½ ´ì_)ifg@* ê·¸ë£¹¨ì_ ¬ì_ ë°©ë_ __, ë¬¸ì_ ¬í_ __ifg@* ê·¸ë£¹¨ì_ ë§¤ë_ __´í_ifg@* __ ¼ë_, ì£¼ë_, __ ì§__ifg@ifg@ ì£ __ê³__: _£¼ ë° ¸ëSALESifg@ __ SALES ¬ì__ ë©__ë¬¸ì_ _ë¥ ë§¡ì_ë©,´ë_ ¬ì_ ¨ì_ ë¬¸ì__ë¡ __ifg@ifg@- ê¸__ì¡°ê±´: *,***,***~*,***,*** [¸ì_/´ì_ê¸__] ifg@- ê·¼ë¬´__: ~ê¸ **:** ~ **:**ifg@- ê·¼ë¬´__: __ êµ¬ë_êµ _¸ë_ / *¸ì_ êµ¬ë__¸ë_ì§ ¸ê·¼ifg@- ë³µë¦¬__: ¤ì___ ë³µë¦¬__ ëª¨ë_ _³µifg@- __ë¡__ °ì°¨¬ì_(*__ ¨ì_ ´ê¬ì_), * ê·¼ì___ ë¦¬í___ ´ê ** _³µ, __ Nì£¼ë_ ê·¼ì_ê¸°ë_ ë³µì¬ì_ ì§ê¸, __ ë°_°¨ ë° ë³µì¬ì_ ì§ê¸,  ë¹__ë¹ ì§, ¨í_°ì_, _¬´ê´ êµ__ë¹ ì§, µì_ë¹ ì§, ë³µìì¹´ë_ ë° ë³µì¬ì_ ì§ê¸, ¸ê·¼ ë° ¼ê·¼ __ë¹ ì§, ¼ê·¼/´ì_ ê·¼ë¬´  _ì§, Apple/LG/Lenovo ì¤ ¥ë___ ê°, ¼ëª¨__, ì¢__ê±´ê_ê²ì§, ¬ë¦¬__, __ë¶ ì¶__¤í_, ëª___¬¼, ê²½ì¡° ë° ê²½ì¡°¬ë_, ê¸__ *__ ì¡°ê¸°´ê·¼, ¬ë_ __ë¦ __ë¹, ¨í_ ì§__ ´ë¦°´ì_ ´ì_, ë¹_¥¸ ¨ë³´©ì_ __ ë²__ __ê·¸ë_, ¸í___  ê°__ __ [__ì§_³¼ __ ë³µë¦¬__ __ / ë³µë¦¬__ __¬ì_ °ë_ ë³ ê°¥ì_ ] ifg@- ì±____: ¤ì_ __ __ *ê°__ ¨ì_ ìµ_ *_·¼ë¬ ´í_ __¬ì_ °ë_ _²´ì§ ´í_ ____ ê°¥ì_ _fg@ifg@_¬¸_fg@- ´ë_ : ¸ì_ì±__ Job Consultant ê¹  _fg@- °ë_ì² : ***-****-**** / kistemp****@naver.comifg@ »ê³µê³__ ___¸°ifg@https://kistemp.co.kr/jobs/jobs_sms_view.asp?seqno=*******",ì±__
spam,"[Webë°__]ifg@#__ë¥-ì°¾ì___fg@ifg@ì²__ë§__ ê³____. ê±´ê___ê°? ifg@ifg@__ __ë¶ ë°©ì___  ___ __,__,ë¥ ì°,____¬ì_ ¨ê_ ´ë³´_. ifg@ifg@  :***()* ì¶__ifg@ifg@  :__´ì__fg@ifg@ ë¹ : *ë§__ifg@ifg@ëª¨ì_¸ì_ : _°© **ëª_fg@ifg@_²­ : ***-****-**** ë¬¸ì_.ì¹´í_ __ifg@ifg@__ ***-**-****** ì°¸ê__ë¦_fg@ifg@¬í_ ê°_ __ ¤ì __ê²__. ifg@ifg@__ __ì§ ë§__ê³ ifg@ _³µ__ê¸ ê¸°ì_©ë_. ifg@ifg@ì§¥ì_ ì¢_¬´ ©ì_",ì±__
spam,"[Webë°__]ifg@ifg@____. * ê¸°ë_ì¢_ _£¼ ____ê³,´ë_ ¬ë_ ë°__¸ì_.ifg@ì¢_ _³´ë§ _³µ _¦¬ ê¹__ ë§¤ë_ ,__,^^ifg,@´ë_ ì§__ ì¶©ì_¼ë_, ê°____ ____ë¡ ê·¼ë¬´ __ë¶ ¤ì_ ëª¨ì_______.~!!ifg@´ë_´ì_ __ì§ë§, ì±__ê°__ __ ë¶ ì§__ ì£¼ì_. ifg@ifg@ _¬´´ì_ ifg@_¬´ ê´¨í_ ê°__ ¤ë__¦´ê»__. ifg@ ¼í_ëª°ì_ *~*____ __ ì£¼ì_ë© ©ë_.ifg@__ _¬´ ´ì_ ì¹´í_ µí_ ë¬¸ì_ ì£¼ì_ë©, ì¹____ __ _¦´ê»__.ifg@ifg@ ê¸__ ê¸°ì ifg@ - ê¸__ ¹ì_ ì§ê¸__ __¼ë_ ©ë_.ifg@ -  **ë§~**ë§ ê· ´ì_ ì¶©ë_ ê°¥í___. *** ´ì_ ê°¥í___.ifg@ - __ _¬´ë§__ ¨êê° ¤ë¥´ë¯ë¡ ìµ_ _§¤ __ê¸__ *% ~ ìµ_**% ì±__ ____.ifg@ - ê¾¸ì__ ±ì___ ë¶__ê», ì¶_±ê³¼ê¸  ë³__ë¡ ì§ê¸ ´ë_ë¦¬ê_ ____.ifg@ifg@  ì±__ ___fg@ - ê²½ë_.__  / ì§ ë¬´ê©ë_.ifg@ - ì£¼ë __ ¬ì_ë¶__ ì¶©ë_ ______!ifg@ - ì´_³´  ¹ì_ ê°¥í___.ifg@ifg@ ì¹´í___ __ifg@ifg@ ´ë_  : ê¹__ ë§¤ë_     ifg@ ì¹´í_ ID : uu***  ifg@ifg@ ë°__ë²__ ë¬¸ì_ë°__ __ ê´ê³__ ____ ë¶_¥í___.ifg@ ë°__ ì¹´í___ µí_, ì±____ __¦¬ê²____.ifg@ifg@ ê¸ ifg@ ¤ë_¸í_ë§ __ë© ´ë___ _¬´ê° ©ë_. . ifg@ ì±____ ¤ì_**:** ~¤í_**:** ê¹_ ê°¥í___.ifg@ ê¸__ ¹ì_ ì§ê¸__ ë§_¡±__ ë¶__ ë§__, ¸ì__ ë¬¸ì_ì£¼ì_ê¸ ë°____.",ì±__
spam,"ëª¨ë_´ë **** __ê¸ ì§__ ì±__ ê³µê_ifg@ifg@ì§__ ì±__ê³__ ¤ì_ê³ ê°__ ê³µê___ __ ¸ì_ ë§_ ê´¬ê³¼ __ ë°____,.ifg@,ifg@,êµ¬ì_ê³µê_ ê¸ ë³´ê_ ê·¼ë¬´ __  *ë§__ __ì§!/(ê¸°í_°ì_, __ë£ ì¶_ì§ê¸)ifg@ifg@******** ì§_ ë°__ __ __ë¬¸ì_ ë§__ë¥ µí_ ë¬¸ì_ì£¼ì_ê¸ ë°____. ********ifg@ifg@[ëª¨ë_´ë] HR(¸ì_)__ __ ¸ì_ë³´ë_ ê±°ë___ ë§__ì§ ê´ê³__ ´ì_ ê°__ __ ì§__ë¶__ ëª¨ì___ __ °ë__¦½__.ifg@ifg@*. ì²____ê±°ë_ ì´_³´ ë¶__ ½ê_ __  ____.ifg@*. __, ì£¼ë, ì·¨ì_ ì¤ë¹__  ëª¨ë___ ìµ__ ì§__ _³µifg@*. ë³¸ì_ __ë§__ __ ë°____ __ ì§__ifg@*. ¬ëë³´í_ ë¯¸ì_©ì_ë¡ ë¶ ë° ¬í___ë¡ ê°_fg@ifg@ êµ¬ì_ì¡°ê±´ifg@ifg@- ì±__ ¼ì_ : **. **() ~ **. **(ëª) **:** ê¹_.ifg@- ì±__  : __, ì£¼ë, ì·¨ì_ ì¤ë¹__, _¦¬__  _µ¬ ê°_fg@- ì±__ ¸ì_ : __ *ëª ëª¨ì_ ì¤_fg@- __ __ : ** ´ì_ ëª¨ë_ ¨ë~(ë¯¸ì___ ì£__©ë_)ifg@- ê·¼ë¬´ ¼ì_ : ì£*(__~ê¸__)ifg@- ê·¼ë¬´ __ : *__ ~ *__(ë³¸ì_ __ ë§_¶° _¬´ë°°ì_)ifg@- ê·¼ë¬´ ¥ì_ : ¥ì_ë¬´ê(¸ì_ ´ë___ ê°¥í___)ifg@- ê·¼ë¬´ __ : ê³__ì§(ë³__ __x, ¬ëë³´í_ ë¯¸ì_)ifg@- _¬´ ë°©ë_ : °ë_ì£¼ì_ë© __ _¦¬ê²____.ifg@- ê¸__ ë³µì : ¼ë_ **,***(¹ì___ __) - ¸ì_°ë_ ë³__ifg@(¥ê¸°ê·¼ì_ ¬ì_ - ëª__, __, ¬ë¦¬¤ë_, ê°__ ê¸°ë_ __ê¶ __ _¬¼ ì§ê¸!)ifg@ifg@[ __ë¬¸ì_ ]ifg@- ¸ì_´ë_ : https://tny.kr/mdomchatifg@(URLë§__ ´ë¦­ ì¹´ì¹´¤í_´ê¸°-ë°____ê°¥í__. > ifg@ifg@ ê¸ ê¸ ½ì_ì£¼ì_ ê°__©ë_. ´ë_ _¬´ ´ë_´ì_ __ì§ë§, ì±__ê°__ __ ë¶ ì§ ë°____.ifg@ifg@*¸ì_ ´ë___ ¸í_ê³ ê°____ ê¸____  __ ë§_ ì§ ë¶__ë¦½ë_.ifg@*ì§__ê° ë§__ __ *:**~**:** ¬ì_ë¡ __¦¬ê³ __ ì°¸ê_ ë¶__ë¦½ë_.ifg@*µí___ ë§__ °ê²° ì§°ë_ ê²½ì_ ì±__ ì¶___ °ë_ __ë© ©ë_.",ì±__
spam,"[Webë°__]ifg@____. ë§¤ë_ ìµ__ __.ifg@ifg@¬ì ¨ê_ ¼í_ ´ì_ê°__ ifg@¸ì_ë¶__ ì°¾ê_____.ifg@ifg@[,_¬´,__],ifg@ __ êµ¬ë§¤ , _¸°__ifg@ifg@[ì§__ê²]ifg@- ±ë_ë¬´ê / __ë¬´ê / __ë¬´êifg@- ì£¼ë,¬ì_,__,ì§__,_¦¬__ifg@ (±ì_ ¬ì_ë¶__ °ë©ë_^^)ifg@ifg@[¹ì_ __ __]ifg@- _£¨ *~* __ ¸í__¬´ ifg@- (*~**ë§__ê¹_ ¹ì_ì§ê¸)ifg@ifg@[ __ë¬¸ì_ ]ifg@__¹ì_ : ìµ___fg@https://litt.ly/aaago*ifg@ifg@[ê·¼ë¬´__]ifg@* **~** __ ê·¼ë¬´ê°_fg@* __ ê°_fg@* ¨ê¸°/¥ê¸°/¬í_/ë¶ ëª¨ë_ ê°_fg@* _£¨ *~* __ ¸í_ ___¬´ ifg@ifg@ê¸__ __ ì§ __ë¶____ifg@¤íë²__/_¦¬ë°__ ê¸°í_°ì_ ì§_fg@ifg@ì§__ê° ë§_ ê´ê³__ ì¹´ì¹´¤í_ ë¬¸ì_ ¨ê²¨ì£¼ì_ë© ë¹_¥´ê² µë´ë_ë¦¬ê_µë_.ifg@ifg@»ì___ ë²__ ë¬¸ì_ë°__ __´ë©°, __ __ ë¶_ ©ë_.ifg@»ë___ ì¹´í_ __ µí_ *ì° __ __ _¦¬ê²____.ifg@ifg@ __ ¤ì_ **:** ~ ¤í_ **:** ê¹_ ê°",ì±__
spam,"[Webë°__]ifg@_____fg@êµ¬ì_êµ¬ì_ ë§¤ë_ __ ___fg@ifg@¬ì ¨ê_ ¼í_ ´ì_ê°__ ifg@__/ì§__ë¶__ ëª¨ì___,__,__,ifg@ifg@[ëª¨ì___]ifg@- ì²´í_ ê°__ ë¬¼ë___/ë¬¼ë_ê´ë¦_fg@(__¼ì_ ë§__ ë³´ë_ ¼ê±°ë¦¬ê _£¼ ë§____)ifg@ifg@[ì§__ê²]ifg@- ±ë_ë¬´ê / __ë¬´ê / __ë¬´êifg@- ì£¼ë,¬ì_,__,ì§__,_¦¬__ifg@  (±ì_ ¬ì_ë¶__ °ë©ë_^^)ifg@ifg@ ì¹´ì¹´¤í_ë¬¸ì_ _fg@https://litt.ly/kakaotalk_***ifg@(__ ´ì_ ê¸°ë_ ¨ì____)ifg@ifg@[ê·¼ë¬´__]ifg@- **~** __ ë³¸ì_ ¬ë_ ê·¼ë¬´__ ê¸°ì_ifg@- __ ê° (ex. **~ **)ifg@- ì£ * + ´ì_ê·¼ë¬´  __ *~* ( * ´ë¬´ ê¸°ì)ifg@- ì£¼ë_/ê³µí_ ê·¼ë¬´ __ ´ë¬´ __ __ ê°_fg@- _£¨ *~* __ ¸í_ __ê·¼ë¬´ ifg@ifg@[ê¸____]ifg@- ë§_·¼ê¸°ì  ìµ_ ê¸__ifg@  (ê¸°ë³¸ê¸ ë° ¸ì_°ë_ __ ë° ì§__ ¬í_)ifg@-  : **~**ë§__ ´ì_ / *ê°__ : ìµ__ ***ë§__ ´ì_~ifg@- ¸ì_°ë_ :  ***ë§__ ~ ifg@ifg@ì§__ê° ë§_ ê´ê³__ __ ¨ê²¨ì£¼ì_ë© ë¹_¥´ê² µë´ë_ë¦¬ê_µë_.ifg@ifg@____ **:**~**:** __",ì±__
spam,"____. * ê¸°ë_ì¢_ _£¼ ____ê³,´ë_ ¬ë_ ë°__¸ì_.ifg@ì¢_ _³´ë§ _³µ _¦¬ ê¹ë³ ë§¤ë_ __ ^^ifg@´ë_,ì§__,ì¶©ì_,¼ë_, ê°____ ____ë¡ ê·¼ë¬´ __ë¶ ¤ì_ ëª¨ì_______.~!!ifg@´ë_´ì_ __ì§ë§, ì±__ê°__ __ ë¶ ì§__ ì£¼ì_. ifg@ifg@ _¬´´ì_ ifg@_¬´ ê´¨í_ ê°__ ¤ë__¦´ê»__. ifg@ ¼í_ëª°ì_ *~*____ __ ì£¼ì_ë© ©ë_.ifg@__ _¬´ ´ì_ ì¹´í_ µí_ ë¬¸ì_ ì£¼ì_ë©, ì¹____ __ _¦´ê»__.ifg@ifg@ ê¸__ ê¸°ì ifg@ - ê¸__ ¹ì_ ì§ê¸__ __¼ë_ ©ë_.ifg@ -  **ë§~**ë§ ê· ´ì_ ì¶©ë_ ê°¥í___. *** ´ì_ ê°¥í___.ifg@ - __ _¬´ë§__ ¨êê° ¤ë¥´ë¯ë¡ ìµ_ _§¤ __ê¸__ *% ~ ìµ_**% ì±__ ____.ifg@ - ê¾¸ì__ ±ì___ ë¶__ê», ì¶_±ê³¼ê¸  ë³__ë¡ ì§ê¸ ´ë_ë¦¬ê_ ____.ifg@ifg@  ì±__ ___fg@ - ê²½ë_.__  / ì§ ë¬´ê©ë_.ifg@ - ì£¼ë __ ¬ì_ë¶__ ì¶©ë_ ______!ifg@ - ì´_³´  ¹ì_ ê°¥í___.ifg@ifg@ ì¹´í___ __ifg@ifg@ ´ë_  : ê¹ë³ ë§¤ë_     ifg@ ì¹´í_ ID : dmsquf****  ifg@ifg@ ë°__ë²__ ë¬¸ì_ë°__ __ ê´ê³__ ____ ë¶_¥í___.ifg@ ë°__ ì¹´í___ µí_, ì±____ __¦¬ê²____.ifg@ifg@ ê¸ ifg@ ¤ë_¸í_ë§ __ë© ´ë___ _¬´ê° ©ë_. . ifg@ ì±____ ¤ì_**:** ~¤í_**:** ê¹_ ê°¥í___.ifg@ ê¸__ ¹ì_ ì§ê¸__ ë§_¡±__ ë¶__ ë§__, ¸ì__ ë¬¸ì_ì£¼ì_ê¸ ë°____.",ì±__
spam,"[Webë°__]ifg@____. ifg@[ì§__ëª¨ì_] ë§¤ë_ ´ì_ __!!ifg@ ¼ì_ë¦ [êµ¬ì_/ë¶/__] ê° ____ë¶__ ì¢_ __ __ ,´ì°¨,°ë_,__.ifg@´ë_ _¬´ __¼ë_ ¼ì_ ë§__ ë¶ì¡±í_.  ifg@__¼ì __ ì±__ê° ____ ë§__ ì§__ ì£¼ì_.ifg@ifg@ _¬´´ì_ ifg@_¬´ ê´¨í_ ê°__ ¤ë__¦´ê»__. ifg@ë§¤ì_ *-*____ __  êµ¬ë§¤_¸° __´ì£¼__ _¬´__. ifg@__ _¬´ ´ì_ __ ì¹´í_ __ µí_ __ ¤ë_ _¦´ê»__.ifg@ifg@ ê¸__ ê¸°ì ifg@ - ê¸__ ¹ì_ ì§ê¸__ __.ifg@ -  **ë§~**ë§ ê· ´ì_ ì¶©ë_ ê°.  ***´ì_ ê°.ifg@ - __ _¬´ë§__ ¨êê° ¤ë¥´ë¯ë¡ ìµ_ _§¤ __ê¸__ *% ~ ìµ_ **% ì±__.ifg@ - ê¾¸ì__ ±ì___ ë¶__ê», ì¶_±ê³¼ê¸ ë³__ ì§ê¸.ifg@ifg@  ì±__ ___fg@ - ê²½ë_ / __ / ì§ ë¬´ê ©ë_.ifg@ - ì£¼ë __ ¬ì_ë¶__ ì¶©ë_ ______!ifg@ - ì´_³´  ¹ì_ ê°¥í___.ifg@ifg@ ì¹´í_ ____ _fg@ifg@ ´ë_  :  ´ì_ ë§¤ë_     ifg@ ì¹´í_/__ :  [  ysr**  ]ifg@ifg@ ë°__ë²__ ë¬¸ì_ë°__ __ ê´ê³__ ____ ë¶_¥í___.ifg@ ë°__ ì¹´í___ µí_ *ì° ____ _¦¬ê²____.ifg@ifg@ ê¸ ifg@ ¤ë_¸í_ë§ __ë© ´ë___ _¬´ê° ©ë_. ifg@ ì±____ ¤ì_**:** ~¤í_**:** ê¹_ ê°¥í___.ifg@ ê¸__ ¹ì_ ì§ê¸__ ë§_¡±__ ë¶__ ë§__, ¸ì__ ë¬¸ì_ì£¼ì_ê¸ ë°____.",ì±__
spam,"[Webë°__]ifg@____. êµ¬ì_êµ¬ì_ ì±__ ë§¤ë_ ´ë __!!ifg@ifg@ ¹ì___ ¨ê_¼í_ ´ì_ê°__ ì§__ë¶__ ëª¨ì_,ê³__,µë_,.ifg@ifg@_ª¨ì§__: ì²´í_ ê°__ ì²´í__¸°ê¸ __ /ë³__ ì£¼ê¸° _¬´, ¬í_ê·¼ë¬´ ê°!!ifg@__«í_ ë§__ ë³´ë_ ¼ê±°ë¦¬ê _£¼ ë§____.ifg@ifg@[ì§__ê²]ifg@- ±ë_ë¬´ê(¬ì_°ë) / __ë¬´ê / __ë¬´êifg@-ì£¼ë / ¬ì_ / __ / ì§__ / _¦¬__ifg@- ´ì_ __ ë¶__¼ë©´ _µ¬ / ë¶ / __ / ê°_fg@ifg@[ê·¼ë¬´__]ifg@**~** __ ë³¸ì_ ¬ë_ ê·¼ë¬´__ ê¸°ì_ifg@(__ ê°. ex) ¤ì_ ** ~ ¤í_* _fg@ì£ *. ´ì_ê·¼ë¬´  __ *~* ( * ´ë¬´ ê¸°ì)ifg@ì£¼ë_/ê³µí_ ê·¼ë¬´ __ ´ë¬´ __ __ ê°_fg@ifg@[ê¸__]ifg@- ë§_·¼ ê¸°ì (* ~ ë§__)  ìµ_ ê¸__ (ê¸°ë³¸ê¸ ë° ¸ì_°ë_ __ ë° ì§__ ¬í_)ifg@-  : *~**ë§__ ´ì_ / *ê°__ : ìµ__ ***ë§__ ´ì_~ifg@- ¸ì_°ë_ (_¬´ °ë_ ì°¨ë_ __) :  ***ë§__ ~ifg@ifg@¹ì_ì§ê¸__ __ ê±´ë_ì§ê¸__ ¸í_ê² ë¬¸ì_ì£¼ì_.ifg@ifg@¶ì_´ë¬¸_ifg@__¹ì_ : ´ë_fg@_¹´ ID: hdp**ifg@ifg@ì§__ê° ë§_ ê´ê³__ ë¬¸ì_ ¨ê²¨ì£¼ì_ë© ë¹_¥´ê² µë´ë_ë¦¬ê_µë_.",ì±__
spam,"[Webë°__]ifg@¸ì__¦¬ê²____.ifg@[¼ì__ª°] HR(¸ì_)ifg@__ ë§¤ë_ __.ifg@ifg@[¼ì__ª°]__ ì§__ ëª¨ì_ __ê¸ ê°__,__,ë§_,_¦¬ê²____.ifg@ifg@- __ ¸ë_ë³´ë_ ê±°ë___ ë§_ ê´ê³__ ì§__ë¶__ ëª¨ì___ ____.ifg@- ¬ì_ _¬´¼ë_ _²½°ê_ ´ì___ ¼í_ì£¼ì_ ë¶__ë© ì¢__µë_.ifg@- ìµ____ ê¸°ë³¸__ __ ê°__ê³ °ë_ ì£¼ì_ê¸ ë°____.ifg@ifg@*. ì²____ê±°ë_ ì´_³´ ë¶__ ½ê_ __  ____.ifg@*. __, ì£¼ë, ì·¨ì_ ì¤ë¹__  ëª¨ë___ ìµ__ ì§__ _³µifg@*. ë³¸ì_ __ë§__ __ ë°____ __ ì§__ifg@*. ¬ëë³´í_ ë¯¸ì_©ì_ë¡ ë¶ ë° ¬í___ë¡ ê°_fg@ifg@- ëª¨ì_  : __, ì£¼ë, ì·¨ì_ ì¤ë¹__, _¦¬__  _µ¬ ê°_fg@- __ __ : ** ´ì_ ëª¨ë_ ¨ë~(ë¯¸ì___ ì£__©ë_)ifg@- ê·¼ë¬´ ¼ì_ : ì£*(__~ê¸__)ifg@- ê·¼ë¬´ __ : *__ ~ *__(ë³¸ì_ __ ë§_¶° _¬´ë°°ì_)ifg@- ê·¼ë¬´ ¥ì_ : ¥ì_ë¬´ê(¸ì_ ´ë___ ê°¥í___)ifg@- ¬ë ë³´í_ : ë¯¸ì__fg@- _¬´ ë°©ë_ : °ë_ì£¼ì_ë© __ _¦¬ê²____.ifg@- ê¸       : ¼ë_ ***,*** +@(¹ì___ __)ifg@ifg@[ __ ë¬¸ì_ ]ifg@-- ¤ì_ê°__ : gourl.kr/ElGwPaifg@(URLë§__ ´ë¦­ > ì±__¼ë_ ë¬¸ì__¸° ´ë¦­)ifg@ifg@ ê¸ ê¸ ½ì_ì£¼ì_ ê°__©ë_. ´ë_ _¬´ ´ë_´ì_ __ì§ë§, ì±__ê°__ __ ë¶ ì§ ë°____.ifg@ifg@*¸ì_ ´ë___ ¸í_ê³ ê°____ ê¸____  __ ë§_ ì§ ë¶__ë¦½ë_.ifg@*ì§__ê° ë§__ __ *:**~**:** ¬ì_ë¡ __¦¬ê³ __ ì°¸ê_ ë¶__ë¦½ë_.ifg@*µí___ ë§__ °ê²° ì§°ë_ ê²½ì_ ì±__ ì¶___ °ë_ __ë© ©ë_.",ì±__
spam,"[Webë°__]ifg@ëª¨ë_´ë **** __ê¸ ì§__ ì±__ ê³µê_ifg@ifg@ì§__ ì±__ê³__ ¤ì_ê³ ê°__ ê³µê___ __ ¸ì_ ë§_ ê´¬ê³¼,__,ë°__,.ifg@ifg@ êµ¬ì_ê³µê_ ê¸ ë³´ê_ ê·¼ë¬´ __  *ë§__ __ì§!/(ê¸°í_°ì_, __ë£ ì¶_ì§ê¸)ifg@ifg@******** ì§_ ë°__ __ __ë¬¸ì_ ë§__ë¥ µí_ ë¬¸ì_ì£¼ì_ê¸ ë°____. ********ifg@ifg@[ëª¨ë_´ë] HR(¸ì_)__ __ ¸ì_ë³´ë_ ê±°ë___ ë§__ì§ ê´ê³__ ´ì_ ê°__ __ ì§__ë¶__ ëª¨ì___ __ °ë__¦½__.ifg@ifg@*. ì²____ê±°ë_ ì´_³´ ë¶__ ½ê_ __  ____.ifg@*. __, ì£¼ë, ì·¨ì_ ì¤ë¹__  ëª¨ë___ ìµ__ ì§__ _³µifg@*. ë³¸ì_ __ë§__ __ ë°____ __ ì§__ifg@*. ¬ëë³´í_ ë¯¸ì_©ì_ë¡ ë¶ ë° ¬í___ë¡ ê°_fg@ifg@ êµ¬ì_ì¡°ê±´ifg@ifg@- ì±__ ¼ì_ : **. **() ~ **. **(ëª) **:** ê¹_.ifg@- ì±__  : __, ì£¼ë, ì·¨ì_ ì¤ë¹__, _¦¬__  _µ¬ ê°_fg@- ì±__ ¸ì_ : __ *ëª ëª¨ì_ ì¤_fg@- __ __ : ** ´ì_ ëª¨ë_ ¨ë~(ë¯¸ì___ ì£__©ë_)ifg@- ê·¼ë¬´ ¼ì_ : ì£*(__~ê¸__)ifg@- ê·¼ë¬´ __ : *__ ~ *__(ë³¸ì_ __ ë§_¶° _¬´ë°°ì_)ifg@- ê·¼ë¬´ ¥ì_ : ¥ì_ë¬´ê(¸ì_ ´ë___ ê°¥í___)ifg@- ê·¼ë¬´ __ : ê³__ì§(ë³__ __x, ¬ëë³´í_ ë¯¸ì_)ifg@- _¬´ ë°©ë_ : °ë_ì£¼ì_ë© __ _¦¬ê²____.ifg@- ê¸__ ë³µì : ¼ë_ **,***(¹ì___ __) - ¸ì_°ë_ ë³__ifg@(¥ê¸°ê·¼ì_ ¬ì_ - ëª__, __, ¬ë¦¬¤ë_, ê°__ ê¸°ë_ __ê¶ __ _¬¼ ì§ê¸!)ifg@ifg@[ __ë¬¸ì_ ]ifg@- ¸ì_´ë_ : https://tny.kr/mdomchatifg@(URLë§__ ´ë¦­ ì¹´ì¹´¤í_´ê¸°-ë°__ __ ê°¥í__. > ifg@ifg@ ê¸ ê¸ ½ì_ì£¼ì_ ê°__©ë_. ´ë_ _¬´ ´ë_´ì_ __ì§ë§, ì±__ê°__ __ ë¶ ì§ ë°____.ifg@ifg@*¸ì_ ´ë___ ¸í_ê³ ê°____ ê¸____  __ ë§_ ì§ ë¶__ë¦½ë_.ifg@*ì§__ê° ë§__ __ *:**~**:** ¬ì_ë¡ __¦¬ê³ __ ì°¸ê_ ë¶__ë¦½ë_.ifg@*µí___ ë§__ °ê²° ì§°ë_ ê²½ì_ ì±__ ì¶___ °ë_ __ë© ©ë_.",ì±__
spam,"[Webë°__]ifg@¸ì__¦¬ê²____. ifg@(ì£)S-mall ¸ì_ ì±__ê´ ´ì_ __ _¦½__.ifg@ifg@[ìµ____ ê¸°ë³¸__ __ ë§¡ì ¼ì,±ì_, ,__ _·¹°ë]ifg@ifg@********(__) __ ê·¼ë¬´  ¹ë_ ¸ì_ *ë§  ì¦__ ì§ê¸ !ifg@ifg@__ë¡_ NEW ¨ì___ ¤í_ (ì£)S-mall__ ì¶_ ¸ì_ ëª¨ì_ì¤____.ifg@ifg@ ±ì___ ì£¼ì_ì§ _¬´ __ ê°¥í_ ¸ì_ë¶ __©ë_.ifg@ifg@ /¥ê¸° ëª¨ë_ ê°¥í_ë©, ´ì_ ê·¼ë¬´__ ì§____ °ë__ __©ë_.ifg@ifg@ ¬ëë³´í_ ë¯¸ì_©ì_ë¡ ë¶__ ì¶©ë_ ê°¥í_, ë§_ ê´ ë°____.ifg@ifg@ ê·¼ë¬´__ ë§_¶¤__ë¡ ì§___©°, ¥ì_ êµ¬ì_ ë°_ _¸° ¸í_ê² ë¬¸ì_ ë°____.ifg@ifg@ _¬´ ë° ì¡°ê±´´ì_ifg@ifg@- ì±__  : __, ì£¼ë, ì·¨ì_ ì¤ë¹__, _¦¬__  _µ¬ ê°_fg@- __ __ : ** ´ì_ ëª¨ë_ ¨ë~(ë¯¸ì___ ì£__©ë_)ifg@- ê·¼ë¬´ ¼ì_ : ì£*(__~ê¸__)ifg@- ê·¼ë¬´ __ : *__ ~ *__(ë³¸ì_ __ ë§_¶° _¬´ë°°ì_)ifg@- ê·¼ë¬´ ¥ì_ : ¥ì_ë¬´ê(¸ì_ ´ë___ ê°¥í___)ifg@- ê·¼ë¬´ __ : ê³__ì§(ë³__ __x, ¬ëë³´í_ ë¯¸ì_)ifg@- _¬´ ë°©ë_ : °ë_ì£¼ì_ë© __ _¦¬ê²____.ifg@- ê¸__ ë³µì : ¼ë_ **,***(¹ì___ __) - ¸ì_°ë_ ë³__ifg@(¥ê¸°ê·¼ì_ ¬ì_ - ëª__, __, ¬ë¦¬¤ë_, ê°__ ê¸°ë_ __ê¶ __ _¬¼ ì§ê¸!)ifg@ifg@[ __ ë¬¸ì_ ]ifg@- (ì£)S-mall ì±__´ë_ ë°±ì ë§¤ë_ifg@- ì¹´ì¹´¤í_ID : L****ifg@-__°ê²° : https://vvd.bz/cyGnifg@(ë§__ ´ë¦­ - ì¹´ì¹´¤í_ ´ê¸° - ì¹_µ¬ì¶_ - *:*ì±__ _¥´ê¸ - __)ifg@ifg@-  ¤ìì¤ _²­ ë¶__ë¦½ë_.ifg@ifg@- ì§_¬¸_ ë§_ ê´ê³__ ´ë __ ë¶___,  ì¹´í_ID or ë§__ ´ë¦­__ ì§__ì£¼ì_ê¸ ë°____.ifg@ifg@ ê¸ ê¸ ½ì_ì£¼ì_ ê°__©ë_. ´ë_ _¬´ ´ë_´ì_ __ì§ë§, ì±__ê°__ __ ë¶ ì§ ë°____.ifg@ifg@*¸ì_ ´ë___ ¸í_ê³ ê°____ ê¸____  __ ë§_ ì§ ë¶__ë¦½ë_.ifg@*ì§__ê° ë§__ __ *:**~**:** ¬ì_ë¡ __¦¬ê³ __ ì°¸ê_ ë¶__ë¦½ë_.ifg@*´ë_ ë²__ ë°____ ë²__´ëë¡ µí_ ë¶__©°, ì¹´í_IDì¶_ or ë§__ ´ë¦­__ ì¶_  °ë_ ì£¼ì_ë© ©ë_.",ì±__
spam,"[Webë°__]ifg@_____fg@êµ¬ì_êµ¬ì_ ì±__ ë§¤ë_ ê¹__ ___fg@ifg@¬ì ¨ê_ ¼í_ ´ì_ê°__ ifg@__ ë° ì§__ë¶__,ëª¨ì_,__,____ifg@ifg@[ëª¨ì___]ifg@- ì²´í_ ê°__ ë¬¼ë___/ë¬¼ë_ê´ë¦_fg@(__¼ì_ ë§__ ë³´ë_ ¼ê±°ë¦¬ê _£¼ ë§____)ifg@ifg@[ì§__ê²]ifg@- ±ë_ë¬´ê / __ë¬´ê / __ë¬´êifg@- ì£¼ë,¬ì_,__,ì§__,_¦¬__ifg@  (±ì_ ¬ì_ë¶__ °ë©ë_^^)ifg@ifg@ ì¹´ì¹´¤í_ë¬¸ì_ _fg@´ë_: ê¹__ifg@ì¹´í_ ID : kh***ifg@ifg@[ê·¼ë¬´__]ifg@- **~** __ ë³¸ì_ ¬ë_ ê·¼ë¬´__ ê¸°ì_ifg@- __ ê° (ex. **~ **)ifg@- ì£ * + ´ì_ê·¼ë¬´  __ *~* ( * ´ë¬´ ê¸°ì)ifg@- ì£¼ë_/ê³µí_ ê·¼ë¬´ __ ´ë¬´ __ __ ê°_fg@- _£¨ *~* __ ¸í_ ___¬´ ifg@ifg@[ê¸____]ifg@- ë§_·¼ê¸°ì  ìµ_ ê¸__ifg@  (ê¸°ë³¸ê¸ ë° ¸ì_°ë_ __ ë° ì§__ ¬í_)ifg@-  : **~**ë§__ ´ì_ / *ê°__ : ìµ__ ***ë§__ ´ì_~ifg@- ¸ì_°ë_ (_¬´ °ë_ ì°¨ë_ __) :  ***ë§__ ~ ifg@ifg@£ì¹´ __ ì¶_ ë°©ë_ifg@ì¹´í_¤í_ ì¹_µ¬ ëª©ë_ _©´ °ì¸¡ __ ¬ë_ëª¨ì_ °ì_  ì¹´í_ ____ ì¶__¸° °ì_, *:* ì±__ °ì_ ì±__ë¬¸ì_ ë°____. ´ë_ê² ¨ê²¨ ì£¼ì_ë© ì±__ __ _ _¦½ê²____.ifg@ifg@ì§__ê° ë§_ ê´ê³__ __ ¨ê²¨ì£¼ì_ë© ë¹_¥´ê² µë´ë_ë¦¬ê_µë_.ifg@ifg@____ **:**~**:** __",ì±__
spam,"[Webë°__]ifg@ifg@____. * ê¸°ë_ì¢_ _£¼ ____ê³,´ë_ ¬ë_ ë°__¸ì_.ifg@ì¢_ _³´ë§ _³µ _¦¬ ê¹ë¯¼ì_ ë§¤ë_ ,__,^^ifg,@´ë_ ì§__ ì¶©ì_¼ë_, ê°____ ____ë¡ ê·¼ë¬´ __ë¶ ¤ì_ ëª¨ì_______.~!!ifg@´ë_´ì_ __ì§ë§, ì±__ê°__ __ ë¶ ì§__ ì£¼ì_. ifg@ifg@ _¬´´ì_ ifg@_¬´ ê´¨í_ ê°__ ¤ë__¦´ê»__. ifg@ ¼í_ëª°ì_ *~*____ __ ì£¼ì_ë© ©ë_.ifg@__ _¬´ ´ì_ ì¹´í_ µí_ ë¬¸ì_ ì£¼ì_ë©, ì¹____ __ _¦´ê»__.ifg@ifg@ ê¸__ ê¸°ì ifg@ - ê¸__ ¹ì_ ì§ê¸__ __¼ë_ ©ë_.ifg@ -  **ë§~**ë§ ê· ´ì_ ì¶©ë_ ê°¥í___. *** ´ì_ ê°¥í___.ifg@ - __ _¬´ë§__ ¨êê° ¤ë¥´ë¯ë¡ ìµ_ _§¤ __ê¸__ *% ~ ìµ_**% ì±__ ____.ifg@ - ê¾¸ì__ ±ì___ ë¶__ê», ì¶_±ê³¼ê¸  ë³__ë¡ ì§ê¸ ´ë_ë¦¬ê_ ____.ifg@ifg@  ì±__ ___fg@ - ê²½ë_.__  / ì§ ë¬´ê©ë_.ifg@ - ì£¼ë __ ¬ì_ë¶__ ì¶©ë_ ______!ifg@ - ì´_³´  ¹ì_ ê°¥í___.ifg@ifg@ ì¹´í___ __ifg@ifg@ ´ë_  : ê¹ë¯¼ì_ ë§¤ë_      ifg@ ì¹´í_ ID : uu***       ifg@ifg@ ë°__ë²__ ë¬¸ì_ë°__ __ ê´ê³__ ____ ë¶_¥í___.ifg@ ë°__ ì¹´í___ µí_, ì±____ __¦¬ê²____.ifg@ifg@ ê¸ ifg@ ¤ë_¸í_ë§ __ë© ´ë___ _¬´ê° ©ë_. . ifg@ ì±____ ¤ì_**:** ~¤í_**:** ê¹_ ê°¥í___.ifg@ ê¸__ ¹ì_ ì§ê¸__ ë§_¡±__ ë¶__ ë§__, ¸ì__ ë¬¸ì_ì£¼ì_ê¸ ë°____.",ì±__
spam,"[Webë°__]ifg@_____fg@êµ¬ì_êµ¬ì_ ì±__ ë§¤ë_ ´ê ___fg@ifg@¬ì ¨ê_ ¼í_ ´ì_ê°__ ifg@__ ë° ì§__ë¶__,ëª¨ì_,__,____ifg@ifg@[ëª¨ì___]ifg@- ì²´í_ ê°__ ë¬¼ë___/ë¬¼ë_ê´ë¦_fg@(__¼ì_ ë§__ ë³´ë_ ¼ê±°ë¦¬ê _£¼ ë§____)ifg@ifg@[ì§__ê²]ifg@- ±ë_ë¬´ê / __ë¬´ê / __ë¬´êifg@- ì£¼ë,¬ì_,__,ì§__,_¦¬__ifg@  (±ì_ ¬ì_ë¶__ °ë©ë_^^)ifg@ifg@ ì¹´ì¹´¤í_ë¬¸ì_ _fg@__¹ì_ : ´êifg@_¹´ ID: gn***ifg@ifg@[ê·¼ë¬´__]ifg@- **~** __ ë³¸ì_ ¬ë_ ê·¼ë¬´__ ê¸°ì_ifg@- __ ê° (ex. **~ **)ifg@- ì£ * + ´ì_ê·¼ë¬´  __ *~* ( * ´ë¬´ ê¸°ì)ifg@- ì£¼ë_/ê³µí_ ê·¼ë¬´ __ ´ë¬´ __ __ ê°_fg@- _£¨ *~* __ ¸í_ ___¬´ ifg@ifg@[ê¸____]ifg@- ë§_·¼ê¸°ì  ìµ_ ê¸__ifg@  (ê¸°ë³¸ê¸ ë° ¸ì_°ë_ __ ë° ì§__ ¬í_)ifg@-  : **~**ë§__ ´ì_ / *ê°__ : ìµ__ ***ë§__ ´ì_~ifg@- ¸ì_°ë_ (_¬´ °ë_ ì°¨ë_ __) :  ***ë§__ ~ ifg@ifg@ì§__ê° ë§_ ê´ê³__ __ ¨ê²¨ì£¼ì_ë© ë¹_¥´ê² µë´ë_ë¦¬ê_µë_.ifg@ifg@____ **:**~**:** ___fg@",ì±__
spam,"[Webë°__]ifg@____. êµ¬ì_êµ¬ì_ ì±__ ë§¤ë_ ê¹¤í_ __!!ifg@ifg@ ¹ì___ ¨ê_¼í_ ´ì_ê°__ ì§__ë¶__ ëª¨ì_,ê³__,µë_,.ifg@ifg@_ª¨ì§__: ì²´í_ ê°__ ì²´í__¸°ê¸ __ /ë³__ ì£¼ê¸° _¬´, ¬í_ê·¼ë¬´ ê°!!ifg@__«í_ ë§__ ë³´ë_ ¼ê±°ë¦¬ê _£¼ ë§____.ifg@ifg@[ì§__ê²]ifg@- ±ë_ë¬´ê(¬ì_°ë) / __ë¬´ê / __ë¬´êifg@-ì£¼ë / ¬ì_ / __ / ì§__ / _¦¬__ifg@- ´ì_ __ ë¶__¼ë©´ _µ¬ / ë¶ / __ / ê° ifg@ifg@[ê·¼ë¬´__]ifg@**~** __ ë³¸ì_ ¬ë_ ê·¼ë¬´__ ê¸°ì_ifg@(__ ê°. ex) ¤ì_ ** ~ ¤í_* _fg@ì£ *. ´ì_ê·¼ë¬´  __ *~* ( * ´ë¬´ ê¸°ì)ifg@ì£¼ë_/ê³µí_ ê·¼ë¬´ __ ´ë¬´ __ __ ê°_fg@ifg@[ê¸__]ifg@- ë§_·¼ ê¸°ì (* ~ ë§__)  ìµ_ ê¸__ (ê¸°ë³¸ê¸ ë° ¸ì_°ë_ __ ë° ì§__ ¬í_)ifg@-  : *~**ë§__ ´ì_ / *ê°__ : ìµ__ ***ë§__ ´ì_~ifg@- ¸ì_°ë_ (_¬´ °ë_ ì°¨ë_ __) :  ***ë§__ ~ ifg@ifg@¹ì_ì§ê¸__ __ ê±´ë_ì§ê¸__ ¸í_ê² ë¬¸ì_ì£¼ì_.ifg@ifg@¶ì_´ë¬¸_ifg@ ´ë_ : ê¹¤í_ ë§¤ë_ ifg@ ì¹´í_ ID : aa*** ifg@ifg@ì§__ê° ë§_ ê´ê³__ ë¬¸ì_ ¨ê²¨ì£¼ì_ë© ë¹_¥´ê² µë´ë_ë¦¬ê_µë_.",ì±__
spam,"[Webë°__]ifg@¸ì__¦¬ê²____.ifg@[¼ì__ª°] ì±__ë¶  ê¹_ë¦ __.ifg@ifg@[¼ì__ª°]__ ___¦½__.ifg@- ¸ë_ë³´ë_,ê±°ë_,__,ë§_ ê´ê³__ êµ¬ì_ ê³µê_ ë¬¸ì_ __ _¦½__.ifg@- ëª¨ë_ _¬´ ´ì_ _¸° ¼ì_ ____ ´ì_ __ ¼í_ì£¼ì_ __ë¶__ ëª¨ì_©ë_.ifg@- ìµ____ ê¸°ë³¸__ __ ê°__ê³ °ë_ ì£¼ì_ê¸ ë°____.ifg@ifg@*. ì²____ê±°ë_ ì´_³´ ë¶__ ½ê_ __  ____.ifg@*. __, ì£¼ë, ì·¨ì_ ì¤ë¹__  ëª¨ë___ ìµ__ ì§__ _³µifg@*. ë³¸ì_ __ë§__ __ ë°____ __ ì§__ifg@*. ¬ëë³´í_ ë¯¸ì_©ì_ë¡ ë¶ ë° ¬í___ë¡ ê°_fg@ifg@- ëª¨ì_  : __, ì£¼ë, ì·¨ì_ ì¤ë¹__, _¦¬__  _µ¬ ê°_fg@- __ __ : ** ´ì_ ëª¨ë_ ¨ë~(ë¯¸ì___ ì£__©ë_)ifg@- ê·¼ë¬´ ¼ì_ : ì£*(__~ê¸__)ifg@- ê·¼ë¬´ __ : *__ ~ *__(ë³¸ì_ __ ë§_¶° _¬´ë°°ì_)ifg@- ê·¼ë¬´ ¥ì_ : ¥ì_ë¬´ê(¸ì_ ´ë___ ê°¥í___)ifg@- ¬ë ë³´í_ : ë¯¸ì__fg@- _¬´ ë°©ë_ : °ë_ì£¼ì_ë© __ _¦¬ê²____.ifg@- ê¸       : ¼ë_ ***,*** +@(¹ì___ __)ifg@ifg@[ __ ë¬¸ì_ ]ifg@-- ¤ì_ê°__ : https://me*.kr/dXCAdifg@ifg@ ê¸ ê¸ ½ì_ì£¼ì_ ê°__©ë_. ´ë_ _¬´ ´ë_´ì_ __ì§ë§, ì±__ê°__ __ ë¶ ì§ ë°____.ifg@ifg@*¸ì_ ´ë___ ¸í_ê³ ê°____ ê¸____  __ ë§_ ì§ ë¶__ë¦½ë_.ifg@*ì§__ê° ë§__ __ *:**~**:** ¬ì_ë¡ __¦¬ê³ __ ì°¸ê_ ë¶__ë¦½ë_.ifg@*µí___ ë§__ °ê²° ì§°ë_ ê²½ì_ ì¹´ì¹´¤í_IDë¥ ì¶___ °ë_ __ë© ©ë_.",ì±__
spam,"[Webë°__]ifg@____. êµ¬ì_êµ¬ì_ ì±__ ë§¤ë_ ´ê __!!ifg@ifg@ ¹ì___ ¨ê_¼í_ ´ì_ê°__ ì§__ë¶__ ëª¨ì_,ê³__,µë_,.ifg@ifg@_ª¨ì§__: ì²´í_ ê°__ ì²´í__¸°ê¸ __ /ë³__ ì£¼ê¸° _¬´, ¬í_ê·¼ë¬´ ê°!!ifg@__«í_ ë§__ ë³´ë_ ¼ê±°ë¦¬ê _£¼ ë§____.ifg@ifg@[ì§__ê²]ifg@- ±ë_ë¬´ê(¬ì_°ë) / __ë¬´ê / __ë¬´êifg@-ì£¼ë / ¬ì_ / __ / ì§__ / _¦¬__ifg@- ´ì_ __ ë¶__¼ë©´ _µ¬ / ë¶ / __ / ê° ifg@ifg@[ê·¼ë¬´__]ifg@**~** __ ë³¸ì_ ¬ë_ ê·¼ë¬´__ ê¸°ì_ifg@(__ ê°. ex) ¤ì_ ** ~ ¤í_* _fg@ì£ *. ´ì_ê·¼ë¬´  __ *~* ( * ´ë¬´ ê¸°ì)ifg@ì£¼ë_/ê³µí_ ê·¼ë¬´ __ ´ë¬´ __ __ ê°_fg@ifg@[ê¸__]ifg@- ë§_·¼ ê¸°ì (* ~ ë§__)  ìµ_ ê¸__ (ê¸°ë³¸ê¸ ë° ¸ì_°ë_ __ ë° ì§__ ¬í_)ifg@-  : *~**ë§__ ´ì_ / *ê°__ : ìµ__ ***ë§__ ´ì_~ifg@- ¸ì_°ë_ (_¬´ °ë_ ì°¨ë_ __) :  ***ë§__ ~ ifg@ifg@¹ì_ì§ê¸__ __ ê±´ë_ì§ê¸__ ¸í_ê² ë¬¸ì_ì£¼ì_.ifg@ifg@¶ì_´ë¬¸_ifg@__¹ì_ : ´êifg@_¹´ ID: sa***ifg@ifg@ì§__ê° ë§_ ê´ê³__ ë¬¸ì_ ¨ê²¨ì£¼ì_ë© ë¹_¥´ê² µë´ë_ë¦¬ê_µë_.",ì±__
spam,"____. * ê¸°ë_ì¢_ _£¼ ____ê³,´ë_ ¬ë_ ë°__¸ì_.ifg@ì¢_ _³´ë§ _³µ _¦¬ ê¹ì§ ë§¤ë_ __ ^^ifg@´ë_,ì§__,ì¶©ì_,¼ë_, ê°____ ____ë¡ ê·¼ë¬´ __ë¶ ¤ì_ ëª¨ì_______.~!!ifg@´ë_´ì_ __ì§ë§, ì±__ê°__ __ ë¶ ì§__ ì£¼ì_. ifg@ifg@ _¬´´ì_ ifg@_¬´ ê´¨í_ ê°__ ¤ë__¦´ê»__. ifg@ ¼í_ëª°ì_ *~*____ __ ì£¼ì_ë© ©ë_.ifg@__ _¬´ ´ì_ ì¹´í_ µí_ ë¬¸ì_ ì£¼ì_ë©, ì¹____ __ _¦´ê»__.ifg@ifg@ ê¸__ ê¸°ì ifg@ - ê¸__ ¹ì_ ì§ê¸__ __¼ë_ ©ë_.ifg@ -  **ë§~**ë§ ê· ´ì_ ì¶©ë_ ê°¥í___. *** ´ì_ ê°¥í___.ifg@ - __ _¬´ë§__ ¨êê° ¤ë¥´ë¯ë¡ ìµ_ _§¤ __ê¸__ *% ~ ìµ_**% ì±__ ____.ifg@ - ê¾¸ì__ ±ì___ ë¶__ê», ì¶_±ê³¼ê¸  ë³__ë¡ ì§ê¸ ´ë_ë¦¬ê_ ____.ifg@ifg@  ì±__ ___fg@ - ê²½ë_.__  / ì§ ë¬´ê©ë_.ifg@ - ì£¼ë __ ¬ì_ë¶__ ì¶©ë_ ______!ifg@ - ì´_³´  ¹ì_ ê°¥í___.ifg@ifg@ ì¹´í___ __ifg@ifg@ ´ë_  : ê¹ì§ ë§¤ë_    ifg@ ì¹´í_ ID : jiyeong**       ifg@ifg@ ë°__ë²__ ë¬¸ì_ë°__ __ ê´ê³__ ____ ë¶_¥í___.ifg@ ë°__ ì¹´í___ µí_, ì±____ __¦¬ê²____.ifg@ifg@ ê¸ ifg@ ¤ë_¸í_ë§ __ë© ´ë___ _¬´ê° ©ë_. . ifg@ ì±____ ¤ì_**:** ~¤í_**:** ê¹_ ê°¥í___.ifg@ ê¸__ ¹ì_ ì§ê¸__ ë§_¡±__ ë¶__ ë§__, ¸ì__ ë¬¸ì_ì£¼ì_ê¸ ë°____.",ì±__
spam,"(ê´__)ifg@____~ ê¹ì±_¦¼ __^^ifg@____ê³ ¬ì_ ë¶~! ¹ì_ì§ê¸__ì¹~! ifg@_£¨*~*____ __ë© *~**ë§__ ´ì_ ê°,~!i,fg@,_ __ ê´ê³__ ____ë¡~! ifg@ëª¨ë_¼ë_ ì§____ ´ë___ ê°____~!ifg@ifg@*ì±__*ifg@-ê²½ë_ __ ë¬´ê~!ifg@-ì£¼ë __ ¬ì_ë¶__ ê°~!ifg@-ì´_³´__ ê°~!ifg@ifg@-¼ê_¬ì__fg@*~**ë§__ ¹ì_ ì¦__ __ifg@ifg@*ì§_°©ë²*ifg@¨ë_ ì§~! ifg@- r **ë¬* : m***ifg@ifg@*IDì¶_ë°©ë_*ifg@¤í___>ì¹_µ¬ëª©ë__©´>¤ë¥¸ìª  __ __ ëª¨ì_ ´ë¦­>IDë¡ ifg@ì¶__¸° ´ë¦­>*:*ì±__ ´ë¦­  ë¬¸ì_ ¨ê²¨ ì£¼ì_ë© ifg@¤ì_ê° __ _ _¦½__~!ifg@ifg@*____ : ¤ì_*:**~¤í_**:** ifg@ifg@»ì___ ë²__ __ __ ë¶_¥í____fg@ë¬´ë_ê±°ë**********",ì±__
spam,"[Webë°__]ifg@[ëª¨ë_´ë] ì§__ëª¨ì_ __ë¬_fg@ifg@¸ì__¦¬ê²____.ifg@ëª¨ë_´ë HR(¸ì_)__.ifg@ifg@[ëª¨ë_´ë] HR(¸ì_),__,__,¸ì_ë³´ë_ ê±°ë___ ë§__ì§ ê´ê³__ ´ì_ ê°__ __ ì§__ë¶__ ëª¨ì___ __ °ë__¦½__.ifg@ifg@ ì§__ëª¨ì_ __ë¬¸ì_ ë³´ê_ ë¬¸ì_ì£¼ì_ ì§__ ì¶_ ¸ì_°ë_ __ __¨ì_ _¦½__.ifg@ifg@(¨ê¸° ê°¥í_, ¸í_ê² ë¬¸ì_ì£¼ì_ê¸ ë°____.)ifg@ifg@*. ì²____ê±°ë_ ì´_³´ ë¶__ ½ê_ __  ____.ifg@*. __, ì£¼ë, ì·¨ì_ ì¤ë¹__  ëª¨ë___ ìµ__ ì§__ _³µifg@*. ë³¸ì_ __ë§__ __ ë°____ __ ì§__ifg@*. ¬ëë³´í_ ë¯¸ì_©ì_ë¡ ë¶ ë° ¬í___ë¡ ê°_fg@ifg@ êµ¬ì_ì¡°ê±´ifg@ifg@- ì±__ ¼ì_ : **. **() ~ **. **(ëª) **:** ê¹_.ifg@- ì±__  : __, ì£¼ë, ì·¨ì_ ì¤ë¹__, _¦¬__  _µ¬ ê°_fg@- ì±__ ¸ì_ : __ *ëª ëª¨ì_ ì¤_fg@- __ __ : ** ´ì_ ëª¨ë_ ¨ë~(ë¯¸ì___ ì£__©ë_)ifg@- ê·¼ë¬´ ¼ì_ : ì£*(__~ê¸__)ifg@- ê·¼ë¬´ __ : *__ ~ *__(ë³¸ì_ __ ë§_¶° _¬´ë°°ì_)ifg@- ê·¼ë¬´ ¥ì_ : ¥ì_ë¬´ê(¸ì_ ´ë___ ê°¥í___)ifg@- ê·¼ë¬´ __ : ê³__ì§(ë³__ __x, ¬ëë³´í_ ë¯¸ì_)ifg@- _¬´ ë°©ë_ : °ë_ì£¼ì_ë© __ _¦¬ê²____.ifg@- ê¸__ ë³µì : ¼ë_ **,***(¹ì___ __) - ¸ì_°ë_ ë³__ifg@(¥ê¸°ê·¼ì_ ¬ì_ - ëª__, __, ¬ë¦¬¤ë_, ê°__ ê¸°ë_ __ê¶ __ _¬¼ ì§ê¸!)ifg@ifg@[ __ ë¬¸ì_ ]ifg@-__°ê²° : https://han.gl/KhccnSifg@(URLë§__ ´ë¦­ ì¹´ì¹´¤í_´ê¸°-ë°____ê°¥í__. >)ifg@ifg@ ¬ì_/ê¸°ê _³´ê° __ ì±__(__)´ëë¡ ____ê³ ¸í_ê² ë¬¸ì_ ë°____.ifg@ifg@ ê¸ ê¸ ½ì_ì£¼ì_ ê°__©ë_. ´ë_ _¬´ ´ë_´ì_ __ì§ë§, ì±__ê°__ __ ë¶ ì§ ë°____.ifg@ifg@*¸ì_ ´ë___ ¸í_ê³ ê°____ ê¸____  __ ë§_ ì§ ë¶__ë¦½ë_.ifg@*ì§__ê° ë§__ __ *:**~**:** ¬ì_ë¡ __¦¬ê³ __ ì°¸ê_ ë¶__ë¦½ë_.ifg@*´ë_ ë°__ë²__ ë°____ ë²__´ëë¡ __ ë¶_¥í_¤ë_, __¡ì_ë¡ °ë_ì£¼ì_ê¸ ë°____.",ì±__
spam,"[Webë°__]ifg@[ëª¨ë_´ë] ì§__ëª¨ì_ __ë¬_fg@ifg@¸ì__¦¬ê²____.ifg@ëª¨ë_´ë HR(¸ì_)__.ifg@ifg@[ëª¨ë_´ë] HR(¸ì_),__,__,¸ì_ë³´ë_ ê±°ë___ ë§__ì§ ê´ê³__ ´ì_ ê°__ __ ì§__ë¶__ ëª¨ì___ __ °ë__¦½__.ifg@ifg@ ì§__ëª¨ì_ __ë¬¸ì_ ë³´ê_ ë¬¸ì_ì£¼ì_ ì§__ ì¶_ ¸ì_°ë_ __ __¨ì_ _¦½__.ifg@ifg@(¨ê¸° ê°¥í_, ¸í_ê² ë¬¸ì_ì£¼ì_ê¸ ë°____.)ifg@ifg@*. ì²____ê±°ë_ ì´_³´ ë¶__ ½ê_ __  ____.ifg@*. __, ì£¼ë, ì·¨ì_ ì¤ë¹__  ëª¨ë___ ìµ__ ì§__ _³µifg@*. ë³¸ì_ __ë§__ __ ë°____ __ ì§__ifg@*. ¬ëë³´í_ ë¯¸ì_©ì_ë¡ ë¶ ë° ¬í___ë¡ ê°_fg@ifg@ êµ¬ì_ì¡°ê±´ifg@ifg@- ì±__ ¼ì_ : **. **() ~ **. **(ëª) **:** ê¹_.ifg@- ì±__  : __, ì£¼ë, ì·¨ì_ ì¤ë¹__, _¦¬__  _µ¬ ê°_fg@- ì±__ ¸ì_ : __ *ëª ëª¨ì_ ì¤_fg@- __ __ : ** ´ì_ ëª¨ë_ ¨ë~(ë¯¸ì___ ì£__©ë_)ifg@- ê·¼ë¬´ ¼ì_ : ì£*(__~ê¸__)ifg@- ê·¼ë¬´ __ : *__ ~ *__(ë³¸ì_ __ ë§_¶° _¬´ë°°ì_)ifg@- ê·¼ë¬´ ¥ì_ : ¥ì_ë¬´ê(¸ì_ ´ë___ ê°¥í___)ifg@- ê·¼ë¬´ __ : ê³__ì§(ë³__ __x, ¬ëë³´í_ ë¯¸ì_)ifg@- _¬´ ë°©ë_ : °ë_ì£¼ì_ë© __ _¦¬ê²____.ifg@- ê¸__ ë³µì : ¼ë_ **,***(¹ì___ __) - ¸ì_°ë_ ë³__ifg@(¥ê¸°ê·¼ì_ ¬ì_ - ëª__, __, ¬ë¦¬¤ë_, ê°__ ê¸°ë_ __ê¶ __ _¬¼ ì§ê¸!)ifg@ifg@[ __ ë¬¸ì_ ]ifg@-__°ê²° : https://han.gl/YORhUcifg@(ë§__´ê¸°-ì±__¼ë_ ë¬¸ì__¸°-ë©__ì§ë³´ë_ê¸)ifg@ifg@ ¬ì_/ê¸°ê _³´ê° __ ì±__(__)´ëë¡ ____ê³ ¸í_ê² ë¬¸ì_ ë°____.ifg@ifg@ ê¸ ê¸ ½ì_ì£¼ì_ ê°__©ë_. ´ë_ _¬´ ´ë_´ì_ __ì§ë§, ì±__ê°__ __ ë¶ ì§ ë°____.ifg@ifg@*¸ì_ ´ë___ ¸í_ê³ ê°____ ê¸____  __ ë§_ ì§ ë¶__ë¦½ë_.ifg@*ì§__ê° ë§__ __ *:**~**:** ¬ì_ë¡ __¦¬ê³ __ ì°¸ê_ ë¶__ë¦½ë_.ifg@*´ë_ ë°__ë²__ ë°____ ë²__´ëë¡ __ ë¶_¥í_¤ë_, __¡ì_ë¡ °ë_ì£¼ì_ê¸ ë°____.ifg@",ì±__
spam,"[Webë°__]ifg@____. * ê¸°ë_ì¢_ _£¼ ____ê³,´ë_ ¬ë_ ë°__¸ì_.ifg@ì¢_ _³´ë§ _³µ _¦¬ ´ì_ì£ ë§¤ë_ __,^^if,g@´ë_, ì§__ ì¶©ì_¼ë_, ê°____ ____ë¡ ê·¼ë¬´ __ë¶ ¤ì_ ëª¨ì_______.~!!ifg@´ë_´ì_ __ì§ë§, ì±__ê°__ __ ë¶ ì§__ ì£¼ì_. ifg@ifg@ _¬´´ì_ ifg@_¬´ ê´¨í_ ê°__ ¤ë__¦´ê»__. ifg@ ¼í_ëª°ì_ *~*____ __ ì£¼ì_ë© ©ë_.ifg@__ _¬´ ´ì_ ì¹´í_ µí_ ë¬¸ì_ ì£¼ì_ë©, ì¹____ __ _¦´ê»__.ifg@ifg@ ê¸__ ê¸°ì ifg@ - ê¸__ ¹ì_ ì§ê¸__ __¼ë_ ©ë_.ifg@ -  **ë§~**ë§ ê· ´ì_ ì¶©ë_ ê°¥í___. *** ´ì_ ê°¥í___.ifg@ - __ _¬´ë§__ ¨êê° ¤ë¥´ë¯ë¡ ìµ_ _§¤ __ê¸__ *% ~ ìµ_**% ì±__ ____.ifg@ - ê¾¸ì__ ±ì___ ë¶__ê», ì¶_±ê³¼ê¸  ë³__ë¡ ì§ê¸ ´ë_ë¦¬ê_ ____.ifg@ifg@  ì±__ ___fg@ - ê²½ë_.__ / ì§ ë¬´ê©ë_.ifg@ - ì£¼ë __ ¬ì_ë¶__ ì¶©ë_ ______!ifg@ - ì´_³´  ¹ì_ ê°¥í___.ifg@ifg@ ì¹´í___ __ifg@ifg@ ´ë_ : ´ì_ì£ ë§¤ë_ ifg@ ì¹´í_ ID : yunz***ifg@ifg@ ë°__ë²__ ë¬¸ì_ë°__ __ ê´ê³__ ____ ë¶_¥í___.ifg@ ë°__ ì¹´í___ µí_, ì±____ __¦¬ê²____.ifg@ifg@ ê¸ ifg@ ¤ë_¸í_ë§ __ë© ´ë___ _¬´ê° ©ë_. . ifg@ ì±____ ¤ì_**:** ~¤í_**:** ê¹_ ê°¥í___.ifg@ ê¸__ ¹ì_ ì§ê¸__ ë§_¡±__ ë¶__ ë§__, ¸ì__ ë¬¸ì_ì£¼ì_ê¸ ë°____.",ì±__
spam,"[Webë°__]ifg@__ê¸°ì_ ê°_¸° ì¡°ì___ê³, *__ ë°__¸ì_.ifg@____. _ ì¢_ _³´ë§ _³µ _¦¬ ´ìì£ ë§¤ë_ __ ^,^ifg@,´ë_,ì§__ ì¶©ì_¼ë_ ì±__ê° ____  ëª¨ì___ __.!ifg@ê°____ ____ ¼ì_, ë§_ ë¶__ ë¬¸ì_ ì£¼ì_.! ifg@ifg@ _¬´´ì_ ifg@_¬´ ê´¨í_ ê°__ ¤ë__¦´ê»__. ifg@ ¼í_ëª°ì_ *~*____ __ ì£¼ì_ë© ©ë_.ifg@__ _¬´ ´ì_ ì¹´í_ µí_ ë¬¸ì_ ì£¼ì_ë©, ì¹____ __ _¦´ê»__.ifg@ifg@ ê¸__ ê¸°ì ifg@ - ê¸__ ¹ì_ ì§ê¸__ __ifg@ -  **ë§~**ë§ ê· ´ì_ ì¶©ë_ ê°.  *** ´ì_ ê°_fg@ - __ _¬´ë§__ ¨êê° ¤ë¥´ë¯ë¡ ìµ_ _§¤ __ê¸__ *% ~ ìµ_ **% ì±__ifg@ - ê¾¸ì__ ±ì___ ë¶__ê», ì¶_±ê³¼ê¸ ë³__ ì§ê¸_fg@ifg@  ì±__ ___fg@ - ê²½ë_.__  / ì§ ë¬´ê©ë_.ifg@ - ì£¼ë __ ¬ì_ë¶__ ì¶©ë_ ______!ifg@ - ì´_³´  ¹ì_ ê°¥í___.ifg@ifg@ ì¹´í___ __ifg@ifg@ ´ë_  : ´ìì£ ë§¤ë_      ifg@ ì¹´í_ ID :  uu***       ifg@ifg@ ë°__ë²__ ë¬¸ì_ë°__ __ ê´ê³__ ____ ë¶_¥í___.ifg@ ë°__ ì¹´í___ µí_, ì±____ __¦¬ê²____.ifg@ifg@ ê¸ ifg@ ¤ë_¸í_ë§ __ë© ´ë___ _¬´ê° ©ë_. . ifg@ ì±____ ¤ì_**:** ~¤í_**:** ê¹_ ê°¥í___.ifg@ ê¸__ ¹ì_ ì§ê¸__ ë§_¡±__ ë¶__ ë§__, ¸ì__ ë¬¸ì_ì£¼ì_ê¸ ë°____.",ì±__
spam,"[Webë°__]ifg@(ê´__)__ê¸°ì_ ê°_¸° ì¡°ì___ê³, *__ ë°__¸ì_.ifg@ifg@____. _¦¬__ ë§__ NO.*<__ê³>__.ifg@ifg@,¼ì_ë¦,êµ¬ì_,/ë¶/__ ê° ____ë¶__ ì¢_ __ __ __ì° °ë_ __.ifg@ifg@´ë_ ì§__ ì¦__¼ë_ ì±__ê° ____  ëª¨ì___ __. ê°____ ____ ¼ì_ ë§_ ë¬¸ì_ ì£¼ì_!ifg@ifg@ _¬´´ì_ifg@- ë§¤ì_ *-*__ __ __  êµ¬ë§¤_¸° __´ì£¼__ _¬´__.ifg@- ´ë___ _¬´ê° ê° (¤ë_¸í_ __ PC) ë§ ___©´ ©ë_.ifg@ifg@ ê¸__ê¸°ì ifg@- ê¸__ ¹ì_ ì§ê¸__ __¼ë_ ©ë_.ifg@-  **ë§~**ë§ ê· ´ì_ ì¶©ë_ ê°¥í___.ifg@- __ _¬´ë§__ ¨êê° ¤ë¥´ë¯ë¡ ìµ_ _§¤ __ê¸__ *% - ìµ_ **% ì±__ ____.ifg@- ê¾¸ì__ ±ì___ ë¶__ê», ì¶_±ê³¼ê¸__ ë³__ë¡ ì§ê¸ ´ë_ë¦¬ê_ ____.ifg@ifg@ ì±___fg@- ê²½ë_.__.ì§. ë¬´ê/ ì´_³´ ê°¥í___.ifg@- ì£¼ë __ ¬ì_ë¶__ ì¶©ë_   ____.ifg@ifg@ ê·¼ë¬´ __ ë³¸ì___ ë§_¶° _£¨ *-*____ ë°°ì_ _¦½__.ifg@ ¹ì_ì§ê¸__ ë§_¡±__ ë¶__ ë§__ ¸ì_ ¸í_ê² ë¬¸ì_ì£¼ì_ê¸ ë°____.ifg@ifg@¼â_¼ì_    ¼â__fg@ ´ë_  : _ë¯ ë§¤ë_      ifg@ ì¹´í_ ID :  jj**ifg@ifg@* ¤ë_¸í_ë§ __ë© ´ë___ _¬´ ê°¥í___.ifg@* ì±_____ ë§_ ê´ê³__ __ *:**~**:**ê¹_ ê°¥í___.ifg@ifg@ë¬´ë_ê±°ë **********",ì±__
spam,"[Webë°__]ifg@____. êµ¬ì_êµ¬ì_ ì±__ ë§¤ë_ ê°__ __!!ifg@ifg@ ¹ì___ ¨ê_¼í_ ´ì_ê°__ ì§__ë¶__ ëª¨ì_,ê³__,µë_,.ifg@ifg@_ª¨ì§__: ì²´í_ ê°__ ì²´í__¸°ê¸ __ /ë³__ ì£¼ê¸° _¬´, ¬í_ê·¼ë¬´ ê°!!ifg@__«í_ ë§__ ë³´ë_ ¼ê±°ë¦¬ê _£¼ ë§____.ifg@ifg@[ì§__ê²]ifg@- ±ë_ë¬´ê(¬ì_°ë) / __ë¬´ê / __ë¬´êifg@-ì£¼ë / ¬ì_ / __ / ì§__ / _¦¬__ifg@- ´ì_ __ ë¶__¼ë©´ _µ¬ / ë¶ / __ / ê° ifg@ifg@[ê·¼ë¬´__]ifg@**~** __ ë³¸ì_ ¬ë_ ê·¼ë¬´__ ê¸°ì_ifg@(__ ê°. ex) ¤ì_ ** ~ ¤í_* _fg@ì£ *. ´ì_ê·¼ë¬´  __ *~* ( * ´ë¬´ ê¸°ì)ifg@ì£¼ë_/ê³µí_ ê·¼ë¬´ __ ´ë¬´ __ __ ê°_fg@ifg@[ê¸__]ifg@- ë§_·¼ ê¸°ì (* ~ ë§__)  ìµ_ ê¸__ (ê¸°ë³¸ê¸ ë° ¸ì_°ë_ __ ë° ì§__ ¬í_)ifg@-  : *~**ë§__ ´ì_ / *ê°__ : ìµ__ ***ë§__ ´ì_~ifg@- ¸ì_°ë_ (_¬´ °ë_ ì°¨ë_ __) :  ***ë§__ ~ ifg@ifg@¹ì_ì§ê¸__ __ ê±´ë_ì§ê¸__ ¸í_ê² ë¬¸ì_ì£¼ì_.ifg@ifg@¶ì_´ë¬¸_ifg@__¹ì_ : ê°___fg@_¹´ ID:gsy**ifg@ifg@ì§__ê° ë§_ ê´ê³__ ë¬¸ì_ ¨ê²¨ì£¼ì_ë© ë¹_¥´ê² µë´ë_ë¦¬ê_µë_.ifg@",ì±__
spam,"[Webë°__]ifg@____~   ifg@__ëª©í_ - ë§¤ì_  *** ´ì_, * ´ë_ __!!ifg@ì£¼ì_/ë¶/¬í__¬´ ¨ê_ ¼í_¤ë_ ëª¨ì_©ë_, .,!! if,g@_¬´ __¼ë_ ì¶_ ¸ì_ ëª¨ì_ì¤__ ì¢_ __ __ °ë___. ifg@__¼ì __ì§ë§ ì±__ê° __ ê¼¼ê¼¼ ë¶__ ë§__ ì§__ ì£¼ì_~ifg@ifg@  ë¬ ë° ê¸ _fg@_¬´ ê´¨í_ ê°__ ¤ë__¦´ê»__. ifg@ë§¤ì_ *~*__ __  ¼í_ëª°ì_ ê°__ __´ì£¼__ _¬´__.ifg@__ _¬´ ´ì_ __ __ µí_ __ ¤ë_ _¦´ê»__.ifg@ifg@ê¸__ ¹ì_ ì§ê¸__ __. ifg@¼ì_ê° __¨ì_ë¡ ê³__ __.ifg@_¬´__ °ë_  *ë§~**ë§__, *** ´ì_ ê°¥í_¸ì_.ifg@ifg@     _fg@- ±ë_ë¬´ê / __ë¬´ê / __ë¬´êifg@- ì£¼ë / __ / ¬ì_ / ì§__ / _¦¬__ / ¼ì_ì§_fg@  (ê±´ë_ ì§__ê° , _£¨ *~*__ ê°__ _¬´)ifg@ifg@     [ ì¹´ì¹´¤í_ ë¬¸ì_ ]ifg@ifg@ ´ë_  :  ê¹__ ë§¤ë_      ifg@ ì¹´í_ __ :  [  yoj****  ]ifg@ifg@ __  ë²__ ë¬¸ì_ë°__ __´ë©°, __ __ ë¶_¥í___.ifg@ë°__ ì¹´í___ µí_ *ì° ____ _¦¬ê²____.ifg@ifg@ ê¸ ifg@ __ ¤ì_ **:** ~¤í_ *:** ê¹_ ê°¥í___.ifg@ ____ __ __ê·¼ë¬´ ê° / êµ__ë¹, __ë¹, __ë£ ¼ì²´ __ifg@ __ ´ì_ ê¸°ë_ ¨ì____. ë§_ ë¬¸ì_ ì£¼ì_.ifg@",ì±__
spam,"____. ifg@ì§__ëª¨ì_ ë§¤ë_ ì§__ __.!!ifg@ì¢_ ¼ì_ë¦ __ __ __ °ë___.ifg@ì£¼ì_ / ë¶ ëª¨ë_ ê°¥í___ ì±,__,__,, ê¼¼ê¼¼ ë¶__ ë§__ ì§__ ì£¼ì_.ifg@ifg@ _¬´´ì_ ifg@_¬´ ê´¨í_ ê°__ ¤ë__¦´ê»__. ifg@ë§¤ì_ *-*____ ì§__ _¦° __  êµ¬ë§¤_¸° __´ì£¼__ _¬´__. ifg@__ _¬´ ´ì_ __ ì¹´í_ __ µí_ __ ¤ë_ _¦´ê»__.ifg@ifg@ ê¸__ ê¸°ì ifg@ - ê¸__ ¹ì_ ì§ê¸__ __.ifg@ -  **ë§~**ë§ ê· ´ì_ ì¶©ë_ ê°. (***´ì_)ifg@ - __ _¬´ë§__ ¨êê° ¤ë¥´ë¯ë¡ ìµ_ _§¤ __ê¸__ *% ~ ìµ_ **% ì±__.ifg@ - ê¾¸ì__ ±ì___ ë¶__ê», ì¶_±ê³¼ê¸ ë³__ ì§ê¸.ifg@ifg@  ì±__ ___fg@ - ê²½ë_/ __/ ì§ ë¬´ê.ifg@ - ì£¼ë __ ¬ì_ë¶__ ì¶©ë_ __ __.!ifg@ - ì´_³´ ¹ì_ ê°.ifg@ ifg@ ì¹´í_ ____ _fg@ifg@ ´ë_  :  ì§__ ë§¤ë_     ifg@ ì¹´í_/__ :  [  jinyoyo  ]ifg@ifg@ __ë²__ ë¬¸ì_ë°__ __ ê´ê³__ ____ ë¶_¥í___.ifg@ ë°__ ì¹´í___ µí_ *ì° ____ _¦¬ê²____.ifg@ifg@ ê¸ ifg@ ¤ë_¸í_ë§ __ë© ´ë___ _¬´ê° ©ë_. ifg@ ì±____ ¤ì_**:** ~¤í_**:** ê¹_ ê°¥í___.ifg@ ê¸__ ¹ì_ ì§ê¸__ ê¸°ì¼ë_ ©ë_.ifg@ __ ´ì_ ê¸°ë_ ¨ì____. ë§_ ë¬¸ì_ ì£¼ì_.",ì±__
spam,"[Webë°__]ifg@____. ifg@[ì§__ëª¨ì_] ë§¤ë_ ìµ__ë¯ __!!ifg@ ¼ì_ë¦ [êµ¬ì_/ë¶/__] ê° ____ë¶__ ì¢_ __ __ ,´ì°¨,°ë_,__.ifg@´ë_ _¬´ __¼ë_ ¼ì_ ë§__ ë¶ì¡±í_.  ifg@__¼ì __ ì±__ê° ____ ë§__ ì§__ ì£¼ì_.ifg@ifg@ _¬´´ì_ ifg@_¬´ ê´¨í_ ê°__ ¤ë__¦´ê»__. ifg@ë§¤ì_ *-*____ __  êµ¬ë§¤_¸° __´ì£¼__ _¬´__. ifg@__ _¬´ ´ì_ __ ì¹´í_ __ µí_ __ ¤ë_ _¦´ê»__.ifg@ifg@ ê¸__ ê¸°ì ifg@ - ê¸__ ¹ì_ ì§ê¸__ __.ifg@ -  **ë§~**ë§ ê· ´ì_ ì¶©ë_ ê°.  ***´ì_ ê°.ifg@ - __ _¬´ë§__ ¨êê° ¤ë¥´ë¯ë¡ ìµ_ _§¤ __ê¸__ *% ~ ìµ_ **% ì±__.ifg@ - ê¾¸ì__ ±ì___ ë¶__ê», ì¶_±ê³¼ê¸ ë³__ ì§ê¸.ifg@ifg@  ì±__ ___fg@ - ê²½ë_ / __ / ì§ ë¬´ê ©ë_.ifg@ - ì£¼ë __ ¬ì_ë¶__ ì¶©ë_ ______!ifg@ - ì´_³´  ¹ì_ ê°¥í___.ifg@ifg@ ì¹´í_ ____ _fg@ifg@ ´ë_  :  ìµ__ë¯ ë§¤ë_     ifg@ ì¹´í_/__ :  [  miny***  ]ifg@ifg@ ë°__ë²__ ë¬¸ì_ë°__ __ ê´ê³__ ____ ë¶_¥í___.ifg@ ë°__ ì¹´í___ µí_ *ì° ____ _¦¬ê²____.ifg@ifg@ ê¸ ifg@ ¤ë_¸í_ë§ __ë© ´ë___ _¬´ê° ©ë_. ifg@ ì±____ ¤ì_**:** ~¤í_**:** ê¹_ ê°¥í___.ifg@ ê¸__ ¹ì_ ì§ê¸__ ê¸°ì¼ë_ ©ë_.ifg@ __ ´ì_ ê¸°ë_ ¨ì____. ë§_ ë¬¸ì_ ì£¼ì_.",ì±__
spam,"[Webë°__]ifg@__ê¸°ì_ ê°_¸° ì¡°ì___ê³, *__ ë°__¸ì_.ifg@____. _ ì¢_ _³´ë§ _³µ _¦¬ __ ë§¤ë_ __ ^,^ifg@,´ë_,ì§__ ì¶©ì_¼ë_ ì±__ê° ____  ëª¨ì___ __.!ifg@ê°____ ____ ¼ì_, ë§_ ë¶__ ë¬¸ì_ ì£¼ì_.! ifg@ifg@ _¬´´ì_ ifg@_¬´ ê´¨í_ ê°__ ¤ë__¦´ê»__. ifg@ ¼í_ëª°ì_ *~*____ __ ì£¼ì_ë© ©ë_.ifg@__ _¬´ ´ì_ ì¹´í_ µí_ ë¬¸ì_ ì£¼ì_ë©, ì¹____ __ _¦´ê»__.ifg@ifg@ ê¸__ ê¸°ì ifg@ - ê¸__ ¹ì_ ì§ê¸__ __¼ë_ ©ë_.ifg@ -  **ë§~**ë§ ê· ´ì_ ì¶©ë_ ê°¥í___. *** ´ì_ ê°¥í___.ifg@ - __ _¬´ë§__ ¨êê° ¤ë¥´ë¯ë¡ ìµ_ _§¤ __ê¸__ *% ~ ìµ_**% ì±__ ____.ifg@ - ê¾¸ì__ ±ì___ ë¶__ê», ì¶_±ê³¼ê¸  ë³__ë¡ ì§ê¸ ´ë_ë¦¬ê_ ____.ifg@ifg@  ì±__ ___fg@ - ê²½ë_.__  / ì§ ë¬´ê©ë_.ifg@ - ì£¼ë __ ¬ì_ë¶__ ì¶©ë_ ______!ifg@ - ì´_³´  ¹ì_ ê°¥í___.ifg@ifg@ ì¹´í___ __ifg@ifg@ ´ë_  : __ ë§¤ë_          ifg@ ì¹´í_ ID :  zbb**ifg@ifg@ ë°__ë²__ ë¬¸ì_ë°__ __ ê´ê³__ ____ ë¶_¥í___.ifg@ ë°__ ì¹´í___ µí_, ì±____ __¦¬ê²____.ifg@ifg@ ê¸ ifg@ ¤ë_¸í_ë§ __ë© ´ë___ _¬´ê° ©ë_. . ifg@ ì±____ ¤ì_**:** ~¤í_**:** ê¹_ ê°¥í___.ifg@ ê¸__ ¹ì_ ì§ê¸__ ë§_¡±__ ë¶__ ë§__, ¸ì__ ë¬¸ì_ì£¼ì_ê¸ ë°____.",ì±__
spam,"____. ifg@[ì§__ëª¨ì_] ë§¤ë_ ´í_ __~ifg@¤ë_~ ì¦__ê³ ¬ë_ì° _£¨ __~ifg@ì£¼ì_´ë_ ë¶__ë¡ ¼ì_ë¦ ì°¾ê_ê³__,ë¶__,ê» ì¢,__ __ °ë___.  ifg@¼ì __¼ì __ì§ë§ ì±__ê° __, ê¼¼ê¼¼ ë¶ ë§__ ì§__ ì£¼ì_.ifg@ifg@ _¬´´ì_ ifg@_¬´ ê´¨í_ ê°__ ¤ë__¦´ê»__. ifg@ ¼í_ëª°ì_ ë§¤ì_ *~*____  __´ì£¼_©´ ©ë_. ifg@__ _¬´ ´ì_ __ ì¹´í_ __ µí_ __ ¤ë_ _¦´ê»__.ifg@ifg@ ê¸__ ê¸°ì ifg@ - __ ê±´ë_´ê±´¼ë_ ì§ê¸____.ifg@ - ë§¤ì_ ë§¤ì_ *~*__ ´ì_´ë_ __ë© () **ë§__´ì_ ì¶©ë_ ê°.ifg@ - __ _¬´ë§__ ¨êê° ¤ë¥´ë¯ë¡ ìµ_ _§¤ __ê¸__ *% ~ ìµ_ **% ì±__.ifg@ - __ ì£* *__ ¬ì_ __ ***´ì_ __!!ifg@ifg@  ì±__ ___fg@ - ê²½ë_/ __/ ì§ ë¬´ê.ifg@ - ì£¼ë __ ¬ì_ë¶__ ì¶©ë_ __ __.!ifg@ - ì´_³´ ¹ì_ ê°.ifg@ - ´ì___ ë¶__¼ë©´ _µ¬ ê°_fg@ifg@ ì¹´í_ ____ _fg@ifg@ ´ë_  :  ´í_ ë§¤ë_    ifg@ ì¹´í_/__ :  [  nn**  ]ifg@ifg@ __ë²__ ë¬¸ì_ë°__ __ ê´ê³__ ____ ë¶_¥í___.ifg@ ë°__ ì¹´í___ µí_ *ì° ____ _¦¬ê²____.ifg@ifg@ ê¸ ifg@ ¤ë_¸í_ë§ __ë© ´ë___ _¬´ê° ©ë_. ifg@ ì±____ ¤ì_**:** ~¤í_**:** ê¹_ ê°¥í___.ifg@ ê¸__ ¹ì_ ì§ê¸__ ê¸°ì¼ë_ ©ë_.ifg@ __ ´ì_ ê¸°ë_ ¨ì____. ë§_ ë¬¸ì_ ì£¼ì_.",ì±__
spam,"[Webë°__]ifg@____. êµ¬ì_êµ¬ì_ ì±__ ë§¤ë_ __ __!!ifg@ifg@ ¹ì___ ¨ê_¼í_ ´ì_ê°__ ì§__ë¶__ ëª¨ì_,ê³__,µë_,.ifg@ifg@_ª¨ì§__: ì²´í_ ê°__ ì²´í__¸°ê¸ __ /ë³__ ì£¼ê¸° _¬´, ¬í_ê·¼ë¬´ ê°!!ifg@__«í_ ë§__ ë³´ë_ ¼ê±°ë¦¬ê _£¼ ë§____.ifg@ifg@[ì§__ê²]ifg@- ±ë_ë¬´ê(¬ì_°ë) / __ë¬´ê / __ë¬´êifg@-ì£¼ë / ¬ì_ / __ / ì§__ / _¦¬__ifg@- ´ì_ __ ë¶__¼ë©´ _µ¬ / ë¶ / __ / ê° ifg@ifg@[ê·¼ë¬´__]ifg@**~** __ ë³¸ì_ ¬ë_ ê·¼ë¬´__ ê¸°ì_ifg@(__ ê°. ex) ¤ì_ ** ~ ¤í_* _fg@ì£ *. ´ì_ê·¼ë¬´  __ *~* ( * ´ë¬´ ê¸°ì)ifg@ì£¼ë_/ê³µí_ ê·¼ë¬´ __ ´ë¬´ __ __ ê°_fg@ifg@[ê¸__]ifg@- ë§_·¼ ê¸°ì (* ~ ë§__)  ìµ_ ê¸__ (ê¸°ë³¸ê¸ ë° ¸ì_°ë_ __ ë° ì§__ ¬í_)ifg@-  : *~**ë§__ ´ì_ / *ê°__ : ìµ__ ***ë§__ ´ì_~ifg@- ¸ì_°ë_ (_¬´ °ë_ ì°¨ë_ __) :  ***ë§__ ~ ifg@ifg@¹ì_ì§ê¸__ __ ê±´ë_ì§ê¸__ ¸í_ê² ë¬¸ì_ì£¼ì_.ifg@ifg@¶ì_´ë¬¸_ifg@__¹ì_ : __ ifg@_¹´ ID: ct***ifg@ifg@ì§__ê° ë§_ ê´ê³__ ë¬¸ì_ ¨ê²¨ì£¼ì_ë© ë¹_¥´ê² µë´ë_ë¦¬ê_µë_.ifg@",ì±__
ham,"[Web¹ß½Å]
'ÄíÆÎ' ÀÔÁ¡ ¸ô¿¡¼­!! Á¤±ÔÁ÷/¾Ë¹Ù ¸ðÁý

'ºê·£µå'»óÇ°¿¡¸¸ ³ôÀº 'ÆòÁ¡' ºÎ¿© , »ç¿ëÈÄ±â 'ÁÁ¾Æ¿ä'¸¦ ÀÛ¼ºÇÏ½Ç ºÐ ±¸ÇÕ´Ï´Ù.
¾ðÁ¦³ª ¿­½ÉÈ÷ ¸ÅÃâÀ» ÀÏÀ¸Å°´Âµ¥ µµ¿òÀÌ µÇÁÖ½Ç ºÐ ¸ðÁýÇÕ´Ï´Ù!

±Þ¿©´Â ±Ù¹« ½Ã°£¿¡ µû¶ó Ãß°¡ Áö±Þ °¡´ÉÇÕ´Ï´Ù.
´Ü±â ¹× Àå±â -¸ðµÎ °¡´ÉÇÕ´Ï´Ù.
¢º´çÀÏÁö±Þ 50,000~100,000 º¸ÀåÇÕ´Ï´Ù.

¢Ã ÀÚ.°Ý.Á¶.°Ç
-°æ·Â/ÇÐ·Â/³ªÀÌ Á¦ÇÑ¾ø½À´Ï´Ù.
-ÁÖºÎ/À°¾Æ¸¾/´ëÇÐ»ý/ÀÚ¿µ¾÷ÀÚ/È¸»ç¿ø
-¸¸ 20¼¼ ÀÌ»ó ³²,¿© ±âº»ÀûÀÎ ½º¸¶Æ®Æù »ç¿ëÀÚ

¢Ã¾÷.¹«.³».¿ë
-º»ÀÎ ½ºÄÉÁÙ¿¡ ¸Â´Â ±Ù¹«½Ã°£ »ó´ã ÈÄ Á¶À²°¡´ÉÇÕ´Ï´Ù.
-ÇÚµåÆùÀ¸·Î ÇÒ¼öÀÖ´Â °£´ÜÇÑ ¾÷¹«ÀÔ´Ï´Ù.
-ÇÏ·ç 1~2½Ã°£ÀÌ¸é ÃæºÐÈ÷ °¡´ÉÇÕ´Ï´Ù.

 ±Þ.¿©.Á¶.°Ç
¢º´çÀÏÁö±Þ 50,000~100,000 º¸ÀåÇÕ´Ï´Ù.
¢º¿ù 3,500,000  ÀÌ»óµµ °¡´ÉÇÕ´Ï´Ù!!

¡áÁö¿ø½ÅÃ»¹æ¹ý
Ä«Ä«¿ÀÅå ¿Â¶óÀÎ¹®ÀÇ¸¦ ÅëÇÏ¿© ¿¬¶ôÁÖ¼¼¿ä

-Ä«Ä«¿ÀÅåÃß°¡ : 010-6831-9366

Ä«Ä«¿ÀÅåÃß°¡ ¹æ¹ý
-Ä«Ä«¿ÀÅå Á¢¼Ó
-»ó´Ü¿¡ Ä£±¸Ãß°¡
-ÀüÈ­¹øÈ£·Î Ãß°¡
 010-6831-9366 ÀÔ·Â ÈÄ Ä£±¸Ãß°¡
-1:1Ã¤ÆÃÇÏ±â
(¹®ÀÚº¸°í ¿¬¶ôµå·È½À´Ï´Ù"") Åå º¸³»ÁÖ½Ã¸é ¾÷¹«°ü·Ã ÀÚ¼¼È÷ ¼³¸íµå¸®°Ú½À´Ï´Ù.

(»ó´ã ³»¿ëÀº ±â·ÏÀÌ ³²Áö¾Ê½À´Ï´Ù)
1Â÷Á¢¼ö´Â ¹®ÀÚ»ó´ãÀ¸·Î ¸¸ ÁøÇàµË´Ï´Ù.

¡ØÁö¿ø½ÅÃ» ÈÄ ¼øÂ÷ÀûÀ¸·Î ¿¬¶ô µå¸®°í ÀÖ½À´Ï´Ù.
¡Ø¹®ÀÚ ¼ö½ÅµÈ ´ëÇ¥¹øÈ£´Â ¹®ÀÚ¹ß¼Û Àü¿ëÀÔ´Ï´Ù.
¡Ø±³À°ºñ, À§Å¹ºñ ÀÏÃ¼ ºñ¿ë ¾ø½À´Ï´Ù.
¡Ø»ó´ãÀº ¿ÀÀü 09:00 ~ ¿ÀÈÄ 18:00 ±îÁö °¡´ÉÇÕ´Ï´Ù.",Ã¤¿ë
ham,"[Web¹ß½Å]
[TU SW] AI¸ÞÅ¸¹ö½º ¼­ºñ½º±âÈ¹ °ø¸ðÀüÀÌ ÀÖÀ¸´Ï, ÇÐ°úÈ¨ÆäÀÌÁö °øÁö»çÇ×À» Âü°íÇÏ½Ã±â¹Ù¶ø´Ï´Ù.",Ã¤¿ë
ham,"[Web¹ß½Å]
±Þ¿©: ¾à20¸¸¿ø
ÀÚ¼¼ÇÑ »çÇ×Àº °øÁö»çÇ× È®ÀÎºÎÅ¹µå¸®¸ç, 
ÇÐ»ýµéÀÇ ¸¹Àº Áö¿ø ¹Ù¶ø´Ï´Ù.",Ã¤¿ë
ham,"[Web¹ß½Å]
ÄÄÇ»ÅÍ°øÇÐºÎ ½Ç½À½Ç ±Ù·ÎÇÐ»ýÀ» ¸ðÁýÇÏ°í ÀÖ½À´Ï´Ù.
¸ðÁý±â°£: ~6¿ù¸»
±Ù¹«±â°£: 7¿ùÁß¼ø~",Ã¤¿ë
spam,"¡¼¸ðÁý¡½
¼îÇÎ¸ô È¸»ç¿¡¼­ Á÷¿ø(¾Ë¹Ù) 6¸í ±Þ±¸ÇÕ´Ï´Ù.
¾÷¹«»çÇ×:¼îÇÎ¸ô ¹°Ç° ±¸¸Å+¹è¼Û ÀÔ´Ï´Ù

´çÀÏ°áÁ¦: 160,000~280,000

ÀçÅÃ±Ù¹«¶ó¼­ ÅõÀâ°¡´É ÃÊº¸ÀÚ °¡´É
ÇÏ·ç¿¡ 1~2½Ã°£ ¾÷¹« 

Ä«Ä«¿ÀÅå ¿ÀÇÂÅå ¡é¡é¡é
https://open.kakao.com/o/s40DnD9e 

¿Ã·¹¼îÇÎ¸ô¿¡ ´õ±Ã±ÝÇÏ½Ã¸é ¾Æ·¡¸µÅ©È®ÀÎ¡é¡é¡é
olleshop.net",Ã¤¿ë
ham,"[Web¹ß½Å]
[¿ëÀÎ°í¿ë¼¾ÅÍÀÔ´Ï´Ù.]±¹¹Î³»ÀÏ¹è¿òÄ«µå ¹ß±Þ °ü·ÃÀ¸·Î ¿¬¶ôµå·È½À´Ï´Ù. ¹®ÀÚ È®ÀÎ ÈÄ Ã·ºÎÆÄÀÏ¿¡ ÀçÇÐÁõ¸í¼­¸¦ Ã·ºÎÇØ¼­ º¸¿ÏÇØÁÖ½Ã±â ¹Ù¶ø´Ï´Ù..",Ã¤¿ë
ham,"[Web¹ß½Å]
¿ëÀÎ°í¿ë¼¾ÅÍ ³»ÀÏ¹è¿òÄ«µåÆÀÀÔ´Ï´Ù. ¿À´Ã±îÁö ÀçÇÐÁõ¸í¼­°¡ º¸¿ÏµÇÁö ¾ÊÀ¸¸é Ä«µå¹ß±Þ½ÅÃ»ÀÌ ¹Ý·ÁµÊÀ» ¾Ë·Áµå¸³´Ï´Ù. °¨»çÇÕ´Ï´Ù.",Ã¤¿ë
spam,"[Web¹ß½Å]
¾È³çÇÏ¼¼¿ä.¼îÇÎ¸ô¿¡¼­ Á¦Ç° ¸®ºä¸¦ ÀÛ¼ºÇØÁÖ½Ç È¸¿ø´ÔÀ» ¸ðÁýÇÕ´Ï´Ù.
»ó¼¼³»¿ë ¾Æ·¡ Ä«ÅåÀ¸·Î Ä£ÀýÇÏ°Ô ¼³¸í µå¸®°Ú½À´Ï´Ù.

1ÀÏ 14¸¸ ÀÌ»ó / 1°³¿ù 263¸¸ ÀÌ»ó
½Ã°£°ú Àå¼Ò¿¡ °ü°è¾øÀÌ Æù¸¸À¸·Î ¾ðÁ¦³ª °¡´ÉÇÕ´Ï´Ù.
´çÀÏ Áö±ÞÀÌ¶ó ¸¸Á·ÇÏ½Ã´Â ºÐµé ¸¹À¸´Ï ºÎ´ã°®Áö ¸¶½Ã°í ¾ðÁ¦µç ÆíÇÏ°Ô ¹®ÀÇÁÖ½Ã±æ ¹Ù¶ø´Ï´Ù.

¢Â ½Ç½Ã°£ Ä«Ä«¿ÀÅå »ó´ã ¢Â
http://pf.kakao.com/_rkxcpG/chat

ÀÎ¿ø : 11ºÐ (¼±Âø¼ø Áö¿ø °¡´ÉÇÏ¼¼¿ä)",Ã¤¿ë
spam,"[Web¹ß½Å]
'ÄíÆÎ' ÀÔÁ¡ ¸ô¿¡¼­!! Á¤±ÔÁ÷/¾Æ¸£¹ÙÀÌÆ® ¸ðÁýÇÕ´Ï´Ù!!

³»°¡ ÇÑ ¸¸Å­ °¹¼ö´ë·Î ¿ù 4,000,000¿ø ÀÌ»óÀ¸·Î ÀÔ±Ý ¹ÞÀ» ¼ö ÀÖ´Â !!

'ÀÎ±â»óÇ°'¿¡ ³ôÀº 'ÆòÁ¡' ºÎ¿© , »ç¿ëÈÄ±â 'ÁÁ¾Æ¿ä'¸¦ ÀÛ¼ºÇÏ½Ç ºÐ ±¸ÇÕ´Ï´Ù.
Çö½ÇÀûÀÎ ÆÄÆ®Å¸ÀÓ ÇÊ¿äÇÏ½Å ºÐµé ¹®ÀÇÁÖ¼¼¿ä~ !!

±Þ¿©´Â ÀÏÀÏ Á¤»ê µå¸³´Ï´Ù!!
Á¦2ÀÇ ÀÏÀÚ¸®°¡ ÇÊ¿äÇÏ½Å ºÐµé ÇÏ·ç 2½Ã°£ ÀÌ»óÀÌ¸é ½Ç¼ö·É 5¸¸¿ø¿¡¼­ °¡Àå ¸¹ÀÌ´Â 20¸¸¿øÁ¤µµ~¹ö½Ã´Â ÁÁÀº ÀÏÀÚ¸® Á¤º¸ ÀÖ¾î¼­ ¿¬¶ôµå¸³´Ï´Ù.

££'¹®ÀÚ º¸°í ¿¬¶ô µå·È½À´Ï´Ù' ¸Þ¼¼Áö º¸³»ÁÖ½Ã¸é ¾÷¹«°ü·Ã »ó¼¼È÷ ¼³¸íµå¸®°Ú½À´Ï´Ù.

¡áÁö¿ø¾È³»

¢¹Ã¤³Î Åå »ó´ã : http://pf.kakao.com/_bIQYG

À§ÀÇ ÁÖ¼Ò·Î Áö¿ø½ÅÃ» ÇÏ½Ã°í ¿¬¶ôÃ³¸¦ ³²°ÜÁÖ½Ã¸é ¼øÂ÷ÀûÀ¸·Î ¿¬¶ôÀ» µå¸®°í ÀÖ½À´Ï´Ù.

¡Ú Ã¤¿ë ¹× ±Þ¿© ¡Ú

¢º ±Þ¿©´Â ÀÏÀÏ Á¤»ê µå¸³´Ï´Ù.  ¼±Âø¼øÀ¸·Î 13¸í±îÁö ¸ðÁýÇÕ´Ï´Ù.
¢º 1 °³¿ù ÀÌ»ó ±Ù¹«ÇÏ½Å ºÐ ÀÏ±Þ¿¡ 200 ÇÁ·Î º¸³Ê½º µå¸³´Ï´Ù.
¢º ±âº»ÀûÀÎ ½º¸¶Æ® Æù È¤Àº PC °¡´ÉÇÏ½Å ºÐ
¢º ÀÌ ºÐ¾ß¿¡ Àü¹®¼ºÀÌ ¾ø¾îµµ °¡´ÉÇÕ´Ï´Ù,1~2½Ã°£ÀÌ¸é ¾÷¹«´Â ÃæºÐÀÌ ¼÷Áö °¡´ÉÇÕ´Ï´Ù.
¢º º»ÀÎ ½ºÄÉÁÙ¿¡ ¸Â´Â ±Ù¹«½Ã°£ »ó´ã ÈÄ Á¶À²°¡´ÉÇÕ´Ï´Ù.

-ÀçÅÃ ¾Æ¸£¹ÙÀÌÆ®-
¡Ø (±Ù¹«½Ã°£»ó´ã ÈÄ ÇùÀÇ °¡´É) ±Þ¿©´Â ÀÏÀÏ Á¤»ê(´çÀÏÁö±Þ)À» ±âÁØ ÇÕ´Ï´Ù.

- ÀçÅÃ Á¤±ÔÁ÷ -
¡Ø 1°³¿ù ÀÌ»ó ±Ù¹«½Ã ±Þ¿© : ½Ç¼ö·É 328¸¸¿ø + Ãß°¡ÀÎ¼¾ 20¸¸¿ø

¡Ø Ã¤¿ë»ó´ãÀº 9:00~18:00 »çÀÌ·Î °¡´ÉÇÏ´Ï ¸¹Àº ¹®ÀÇ ÁÖ¼¼¿ä.
¡Ø ±³À°ºñ¿ë µî ÀÏÃ¼ºñ¿ë ¾ø½À´Ï´Ù,½º¸¶Æ®Æù¸¸ ÀÖ´Ù¸é ¾îµð¼­³ª ¾÷¹« °¡´ÉÇÕ´Ï´Ù.
¡Ø ¼ö½ÅµÈ ¹øÈ£´Â ¹®ÀÚ¹ß¼Û Àü¿ëÀÌ¹Ç·Î Ä«Åå»ó´ãÀ» ÅëÇØ Ã¤¿ë»ó´ã µµ¿Íµå¸®°Ú½À´Ï´Ù.",Ã¤¿ë
ham,"[Web¹ß½Å]
¾È³çÇÏ¼¼¿ä, 
KT ÀÎÀçÃ¤¿ëÆÀÀÔ´Ï´Ù.

ÀÌ¹ø KT-AI¼®»ç°úÁ¤ ½ÅÀÔ»ý ¸ðÁý °ü·ÃÇØ¼­
¾Æ·¡¿Í °°ÀÌ ¿Â¶óÀÎ¼³¸íÈ¸¸¦ ÁøÇàÇÒ ¿¹Á¤ÀÌ¿À´Ï,
¸¹Àº °ü½É ºÎÅ¹ µå¸³´Ï´Ù.

¤· KT-AI¼®»ç°úÁ¤ ½ÅÀÔ»ý ¸ðÁý ¼³¸íÈ¸
  - ÀÏ½Ã : 
    [2Â÷] 7.22(¿ù) 15½Ã
    [3Â÷] 8.02(±Ý) 15½Ã
  - ¹æ½Ä : Zoom È­»óÈ¸ÀÇ
  - Á¢¼Ó ID : 843 195 5168
  - Á¢¼Ó PW : 2024

¤· ¾È³»»çÇ×
  * 1~3Â÷ ¼³¸íÈ¸ ³»¿ëÀº ¸ðµÎ µ¿ÀÏÇÑ ³»¿ëÀ¸·Î ¾È³» ¿¹Á¤ÀÌ¸ç, ¼³¸íÈ¸ ÀÚ·á³ª µ¿¿µ»óÀº º°µµ Á¦°øÀÌ ¾î·Æ½À´Ï´Ù.
  * Á¢¼Ó °¡´É ÀÎ¿øÀÌ ÇÑÁ¤µÇ¾î ÀÖÀ¸¹Ç·Î, °³º° ¹®ÀÇ »çÇ×ÀÌ ÀÖÀ¸½Å ºÐµéÀº Q&A °Ô½ÃÆÇ¿¡ ³²°ÜÁÖ½Ã±â¸¦ ºÎÅ¹ µå¸³´Ï´Ù.
  * Áö¿ø¼­ ÀÛ¼º±â°£ ÀÌÈÄ ¾îÇÐÀÚ°Ý ÃëµæÀÚ¿¡ ´ëÇØ¼­´Â 8¿ù 30ÀÏ±îÁö º°µµ·Î ÀÌ¸ÞÀÏ Á¦Ãâ ¿äÃ»µå¸± ¿¹Á¤ÀÔ´Ï´Ù.
  * KTÀüÇü ÀÓ¿ø¸éÁ¢ °íµæÁ¡ÀÚ ¼øÀ¸·Î Èñ¸Á ÇÐ±³¿¡ ¹èÄ¡ ¿¹Á¤ÀÔ´Ï´Ù.

°¨»çÇÕ´Ï´Ù.
KT ÀÎÀçÃ¤¿ëÆÀ µå¸²",Ã¤¿ë
ham,"[Web¹ß½Å]
¾È³çÇÏ¼¼¿ä, KT ÀÎÀçÃ¤¿ëÆÀÀÔ´Ï´Ù.
2025³âµµ º½ÇÐ±â AI°è¾àÇÐ°ú ½ÅÀÔ»ý ¼º¹ß Áö¿øÀÌ ¿À´Ã ¿ÀÈÄ 4½Ã¿¡ ¸¶°¨µÉ ¿¹Á¤ÀÔ´Ï´Ù.

¸¶°¨½Ã°£¿¡´Â ¸¹Àº Áö¿øÀÚµéÀÌ ¸ô¸± °ÍÀ¸·Î ¿¹»óµÇ´Â ¹Ù, °¡±ÞÀû ¿À´Ã ¿ÀÀüÁßÀ¸·Î Áö¿ø¼­ ÀÛ¼º ¿Ï·áÇÏ¿© ÁÖ½Ã¸é °í¸¿°Ú½À´Ï´Ù.

°¨»çÇÕ´Ï´Ù.
KTÀÎÀçÃ¤¿ëÆÀ µå¸²",Ã¤¿ë
ham,"[Web¹ß½Å]
[KT±×·ì]
Á¤¼º²¯ ÀÛ¼ºÇØÁÖ½Å ÀÔ»çÁö¿ø¼­ÀÇ Á¢¼ö°¡ ¿Ï·áµÇ¾ú½À´Ï´Ù.

ÀúÈñ È¸»ç¿¡ Áö¿øÇØÁÖ¼Å¼­ Áø½ÉÀ¸·Î °¨»çµå¸®¸ç,

ÀüÇü °á°ú´Â ºü¸¥ ½ÃÀÏ³»¿¡ º°µµ·Î ¾È³»µå¸®°Ú½À´Ï´Ù.",Ã¤¿ë